,UtcTime,EventID,ProcessGuid,Protocol,Initiated,SourceIsIpv6,SourceIp,SourcePort,DestinationIsIpv6,DestinationIp,DestinationPort,FileVersion,Description,Product,Company,OriginalFileName,CommandLine,CurrentDirectory,IntegrityLevel,ParentCommandLine,Signed,Signature,SignatureStatus,collector_node_id,Image_process,ParentImage_process,SourceImage_process,TargetImage_process,TargetObject_processed,TargetFilename_file,TargetFilename_processed,ImageLoaded_dll,ImageLoaded_processed
0,2024-02-05 10:34:30.044,11,{31cacd48-f47f-65a8-431f-000000005200},,,,,,,,,,,,,,,,,,,,,vew10s79622,explorer.exe,,,,,lnk,c:\users,0,empty
1,2024-02-05 10:34:31.921,11,{31cacd48-f47f-65a8-431f-000000005200},,,,,,,,,,,,,,,,,,,,,vew10s79622,explorer.exe,,,,,lnk,c:\users,0,empty
2,2024-02-05 10:34:43.242,11,{31cacd48-f47f-65a8-431f-000000005200},,,,,,,,,,,,,,,,,,,,,vew10s79622,explorer.exe,,,,,lnk,c:\users,0,empty
3,2024-02-05 10:34:43.298,11,{31cacd48-f47f-65a8-431f-000000005200},,,,,,,,,,,,,,,,,,,,,vew10s79622,explorer.exe,,,,,lnk,c:\users,0,empty
4,2024-02-05 10:40:22.199,11,{31cacd48-f47f-65a8-431f-000000005200},,,,,,,,,,,,,,,,,,,,,vew10s79622,explorer.exe,,,,,lnk,c:\users,0,empty
5,2024-02-05 10:40:22.335,11,{31cacd48-f47f-65a8-431f-000000005200},,,,,,,,,,,,,,,,,,,,,vew10s79622,explorer.exe,,,,,lnk,c:\users,0,empty
6,2024-02-05 11:00:33.140,11,{31cacd48-f47f-65a8-431f-000000005200},,,,,,,,,,,,,,,,,,,,,vew10s79622,explorer.exe,,,,,lnk,c:\users,0,empty
7,2024-02-05 11:00:33.295,11,{31cacd48-f47f-65a8-431f-000000005200},,,,,,,,,,,,,,,,,,,,,vew10s79622,explorer.exe,,,,,lnk,c:\users,0,empty
8,2024-02-05 11:12:55.944,11,{31cacd48-f47f-65a8-431f-000000005200},,,,,,,,,,,,,,,,,,,,,vew10s79622,explorer.exe,,,,,lnk,c:\users,0,empty
9,2024-02-05 11:12:56.454,11,{31cacd48-f47f-65a8-431f-000000005200},,,,,,,,,,,,,,,,,,,,,vew10s79622,explorer.exe,,,,,lnk,c:\users,0,empty
10,2024-02-05 11:14:16.480,11,{31cacd48-f47f-65a8-431f-000000005200},,,,,,,,,,,,,,,,,,,,,vew10s79622,explorer.exe,,,,,lnk,c:\users,0,empty
11,2024-02-05 11:14:16.551,11,{31cacd48-f47f-65a8-431f-000000005200},,,,,,,,,,,,,,,,,,,,,vew10s79622,explorer.exe,,,,,lnk,c:\users,0,empty
12,2024-02-05 11:16:24.193,11,{31cacd48-f47f-65a8-431f-000000005200},,,,,,,,,,,,,,,,,,,,,vew10s79622,explorer.exe,,,,,lnk,c:\users,0,empty
13,2024-02-05 11:16:24.290,11,{31cacd48-f47f-65a8-431f-000000005200},,,,,,,,,,,,,,,,,,,,,vew10s79622,explorer.exe,,,,,lnk,c:\users,0,empty
14,2024-02-05 11:29:54.849,11,{31cacd48-f47f-65a8-431f-000000005200},,,,,,,,,,,,,,,,,,,,,vew10s79622,explorer.exe,,,,,lnk,c:\users,0,empty
15,2024-02-05 11:29:54.962,11,{31cacd48-f47f-65a8-431f-000000005200},,,,,,,,,,,,,,,,,,,,,vew10s79622,explorer.exe,,,,,lnk,c:\users,0,empty
16,2024-02-05 11:36:21.343,11,{31cacd48-f47f-65a8-431f-000000005200},,,,,,,,,,,,,,,,,,,,,vew10s79622,explorer.exe,,,,,lnk,c:\users,0,empty
17,2024-02-05 11:36:21.401,11,{31cacd48-f47f-65a8-431f-000000005200},,,,,,,,,,,,,,,,,,,,,vew10s79622,explorer.exe,,,,,lnk,c:\users,0,empty
18,2024-02-05 11:37:21.627,11,{31cacd48-f47f-65a8-431f-000000005200},,,,,,,,,,,,,,,,,,,,,vew10s79622,explorer.exe,,,,,lnk,c:\users,0,empty
19,2024-02-05 11:37:22.116,11,{31cacd48-f47f-65a8-431f-000000005200},,,,,,,,,,,,,,,,,,,,,vew10s79622,explorer.exe,,,,,lnk,c:\users,0,empty
20,2024-02-05 11:37:22.180,11,{31cacd48-f47f-65a8-431f-000000005200},,,,,,,,,,,,,,,,,,,,,vew10s79622,explorer.exe,,,,,lnk,c:\users,0,empty
21,2024-02-05 11:37:22.544,11,{31cacd48-f47f-65a8-431f-000000005200},,,,,,,,,,,,,,,,,,,,,vew10s79622,explorer.exe,,,,,lnk,c:\users,0,empty
22,2024-02-05 11:38:54.943,11,{31cacd48-f47f-65a8-431f-000000005200},,,,,,,,,,,,,,,,,,,,,vew10s79622,explorer.exe,,,,,lnk,c:\users,0,empty
23,2024-02-05 11:49:55.179,11,{31cacd48-f47f-65a8-431f-000000005200},,,,,,,,,,,,,,,,,,,,,vew10s79622,explorer.exe,,,,,lnk,c:\users,0,empty
24,2024-02-05 12:09:58.183,11,{31cacd48-f47f-65a8-431f-000000005200},,,,,,,,,,,,,,,,,,,,,vew10s79622,explorer.exe,,,,,lnk,c:\users,0,empty
25,2024-02-05 14:01:06.733,7,{31cacd48-f47f-65a8-431f-000000005200},,,,,,,,,,,,,,,,,,True,microsoft windows,valid,vew10s79622,explorer.exe,,,,,empty,,1,c:\windows\system32
26,2024-02-05 14:21:51.391,11,{31cacd48-f47f-65a8-431f-000000005200},,,,,,,,,,,,,,,,,,,,,vew10s79622,explorer.exe,,,,,lnk,c:\users,0,empty
27,2024-02-05 14:21:52.507,11,{31cacd48-f47f-65a8-431f-000000005200},,,,,,,,,,,,,,,,,,,,,vew10s79622,explorer.exe,,,,,lnk,c:\users,0,empty
28,2024-02-05 15:09:36.513,11,{31cacd48-f47f-65a8-431f-000000005200},,,,,,,,,,,,,,,,,,,,,vew10s79622,explorer.exe,,,,,lnk,c:\users,0,empty
29,2024-02-05 15:09:36.926,11,{31cacd48-f47f-65a8-431f-000000005200},,,,,,,,,,,,,,,,,,,,,vew10s79622,explorer.exe,,,,,lnk,c:\users,0,empty
30,2024-01-18 12:31:08.221,13,{baee3786-18db-65a9-5511-00000000f300},,,,,,,,,,,,,,,,,,,,,mbw10s80076,explorer.exe,,,,hku,empty,,0,empty
31,2024-01-18 12:38:28.524,11,{baee3786-18db-65a9-5511-00000000f300},,,,,,,,,,,,,,,,,,,,,mbw10s80076,explorer.exe,,,,,lnk,c:\users,0,empty
32,2024-01-18 12:38:28.594,11,{baee3786-18db-65a9-5511-00000000f300},,,,,,,,,,,,,,,,,,,,,mbw10s80076,explorer.exe,,,,,lnk,c:\users,0,empty
33,2024-01-18 12:40:55.160,11,{baee3786-18db-65a9-5511-00000000f300},,,,,,,,,,,,,,,,,,,,,mbw10s80076,explorer.exe,,,,,lnk,c:\users,0,empty
34,2024-01-18 12:40:55.296,11,{baee3786-18db-65a9-5511-00000000f300},,,,,,,,,,,,,,,,,,,,,mbw10s80076,explorer.exe,,,,,lnk,c:\users,0,empty
35,2024-01-22 06:54:43.711,1,{baee3786-1133-65ae-5b13-00000000f300},,,,,,,,,10.0.19041.3758 (winbuild.160101.0800),windows explorer,microsoft® windows® operating system,microsoft corporation,explorer.exe,c:\windows\explorer.exe,SYSTEMDIRECTORY,medium,c:\windows\system32\userinit.exe,,,,mbw10s80076,explorer.exe,userinit.exe,,,,empty,,0,empty
36,2024-01-22 06:59:50.853,13,{baee3786-1133-65ae-5b13-00000000f300},,,,,,,,,,,,,,,,,,,,,mbw10s80076,explorer.exe,,,,hku,empty,,0,empty
37,2024-01-22 09:10:52.066,11,{baee3786-1133-65ae-5b13-00000000f300},,,,,,,,,,,,,,,,,,,,,mbw10s80076,explorer.exe,,,,,lnk,c:\users,0,empty
38,2024-01-22 09:10:52.228,11,{baee3786-1133-65ae-5b13-00000000f300},,,,,,,,,,,,,,,,,,,,,mbw10s80076,explorer.exe,,,,,lnk,c:\users,0,empty
39,2024-01-22 09:10:52.262,11,{baee3786-1133-65ae-5b13-00000000f300},,,,,,,,,,,,,,,,,,,,,mbw10s80076,explorer.exe,,,,,lnk,c:\users,0,empty
40,2024-01-22 09:10:52.278,11,{baee3786-1133-65ae-5b13-00000000f300},,,,,,,,,,,,,,,,,,,,,mbw10s80076,explorer.exe,,,,,lnk,c:\users,0,empty
41,2024-01-22 09:10:54.746,11,{baee3786-1133-65ae-5b13-00000000f300},,,,,,,,,,,,,,,,,,,,,mbw10s80076,explorer.exe,,,,,lnk,c:\users,0,empty
42,2024-01-22 09:10:54.812,11,{baee3786-1133-65ae-5b13-00000000f300},,,,,,,,,,,,,,,,,,,,,mbw10s80076,explorer.exe,,,,,lnk,c:\users,0,empty
43,2024-01-22 09:10:57.440,11,{baee3786-1133-65ae-5b13-00000000f300},,,,,,,,,,,,,,,,,,,,,mbw10s80076,explorer.exe,,,,,lnk,c:\users,0,empty
44,2024-01-22 09:10:57.508,11,{baee3786-1133-65ae-5b13-00000000f300},,,,,,,,,,,,,,,,,,,,,mbw10s80076,explorer.exe,,,,,lnk,c:\users,0,empty
45,2024-01-22 09:13:48.632,11,{baee3786-1133-65ae-5b13-00000000f300},,,,,,,,,,,,,,,,,,,,,mbw10s80076,explorer.exe,,,,,lnk,c:\users,0,empty
46,2024-01-22 09:13:48.691,11,{baee3786-1133-65ae-5b13-00000000f300},,,,,,,,,,,,,,,,,,,,,mbw10s80076,explorer.exe,,,,,lnk,c:\users,0,empty
47,2024-01-22 09:16:53.319,11,{baee3786-1133-65ae-5b13-00000000f300},,,,,,,,,,,,,,,,,,,,,mbw10s80076,explorer.exe,,,,,lnk,c:\users,0,empty
48,2024-01-22 09:16:53.394,11,{baee3786-1133-65ae-5b13-00000000f300},,,,,,,,,,,,,,,,,,,,,mbw10s80076,explorer.exe,,,,,lnk,c:\users,0,empty
49,2024-01-22 09:28:07.245,11,{baee3786-1133-65ae-5b13-00000000f300},,,,,,,,,,,,,,,,,,,,,mbw10s80076,explorer.exe,,,,,lnk,c:\users,0,empty
50,2024-01-22 09:28:07.438,11,{baee3786-1133-65ae-5b13-00000000f300},,,,,,,,,,,,,,,,,,,,,mbw10s80076,explorer.exe,,,,,lnk,c:\users,0,empty
51,2024-01-22 09:39:07.183,11,{baee3786-1133-65ae-5b13-00000000f300},,,,,,,,,,,,,,,,,,,,,mbw10s80076,explorer.exe,,,,,lnk,c:\users,0,empty
52,2024-01-22 09:39:07.241,11,{baee3786-1133-65ae-5b13-00000000f300},,,,,,,,,,,,,,,,,,,,,mbw10s80076,explorer.exe,,,,,lnk,c:\users,0,empty
53,2024-01-22 09:39:40.830,11,{baee3786-1133-65ae-5b13-00000000f300},,,,,,,,,,,,,,,,,,,,,mbw10s80076,explorer.exe,,,,,lnk,c:\users,0,empty
54,2024-01-22 09:39:40.899,11,{baee3786-1133-65ae-5b13-00000000f300},,,,,,,,,,,,,,,,,,,,,mbw10s80076,explorer.exe,,,,,lnk,c:\users,0,empty
55,2024-01-22 09:42:35.904,11,{baee3786-1133-65ae-5b13-00000000f300},,,,,,,,,,,,,,,,,,,,,mbw10s80076,explorer.exe,,,,,lnk,c:\users,0,empty
56,2024-01-22 09:42:36.107,11,{baee3786-1133-65ae-5b13-00000000f300},,,,,,,,,,,,,,,,,,,,,mbw10s80076,explorer.exe,,,,,lnk,c:\users,0,empty
57,2024-01-22 09:44:44.810,11,{baee3786-1133-65ae-5b13-00000000f300},,,,,,,,,,,,,,,,,,,,,mbw10s80076,explorer.exe,,,,,lnk,c:\users,0,empty
58,2024-01-22 09:44:45.036,11,{baee3786-1133-65ae-5b13-00000000f300},,,,,,,,,,,,,,,,,,,,,mbw10s80076,explorer.exe,,,,,lnk,c:\users,0,empty
59,2024-01-22 10:53:07.294,11,{baee3786-1133-65ae-5b13-00000000f300},,,,,,,,,,,,,,,,,,,,,mbw10s80076,explorer.exe,,,,,lnk,c:\users,0,empty
60,2024-01-22 10:55:10.407,11,{baee3786-1133-65ae-5b13-00000000f300},,,,,,,,,,,,,,,,,,,,,mbw10s80076,explorer.exe,,,,,lnk,c:\users,0,empty
61,2024-01-22 10:55:33.561,11,{baee3786-1133-65ae-5b13-00000000f300},,,,,,,,,,,,,,,,,,,,,mbw10s80076,explorer.exe,,,,,lnk,c:\users,0,empty
62,2024-01-22 12:49:46.787,11,{baee3786-1133-65ae-5b13-00000000f300},,,,,,,,,,,,,,,,,,,,,mbw10s80076,explorer.exe,,,,,lnk,c:\users,0,empty
63,2024-01-22 12:49:47.011,11,{baee3786-1133-65ae-5b13-00000000f300},,,,,,,,,,,,,,,,,,,,,mbw10s80076,explorer.exe,,,,,lnk,c:\users,0,empty
64,2024-01-22 12:50:05.461,11,{baee3786-1133-65ae-5b13-00000000f300},,,,,,,,,,,,,,,,,,,,,mbw10s80076,explorer.exe,,,,,lnk,c:\users,0,empty
65,2024-01-22 13:07:53.231,11,{baee3786-1133-65ae-5b13-00000000f300},,,,,,,,,,,,,,,,,,,,,mbw10s80076,explorer.exe,,,,,lnk,c:\users,0,empty
66,2024-01-22 13:07:53.478,11,{baee3786-1133-65ae-5b13-00000000f300},,,,,,,,,,,,,,,,,,,,,mbw10s80076,explorer.exe,,,,,lnk,c:\users,0,empty
67,2024-01-22 13:08:10.328,11,{baee3786-1133-65ae-5b13-00000000f300},,,,,,,,,,,,,,,,,,,,,mbw10s80076,explorer.exe,,,,,lnk,c:\users,0,empty
68,2024-01-22 13:08:10.457,11,{baee3786-1133-65ae-5b13-00000000f300},,,,,,,,,,,,,,,,,,,,,mbw10s80076,explorer.exe,,,,,lnk,c:\users,0,empty
69,2024-01-22 13:08:26.322,11,{baee3786-1133-65ae-5b13-00000000f300},,,,,,,,,,,,,,,,,,,,,mbw10s80076,explorer.exe,,,,,lnk,c:\users,0,empty
70,2024-01-22 13:08:26.536,11,{baee3786-1133-65ae-5b13-00000000f300},,,,,,,,,,,,,,,,,,,,,mbw10s80076,explorer.exe,,,,,lnk,c:\users,0,empty
71,2024-01-22 13:08:46.631,11,{baee3786-1133-65ae-5b13-00000000f300},,,,,,,,,,,,,,,,,,,,,mbw10s80076,explorer.exe,,,,,lnk,c:\users,0,empty
72,2024-01-22 13:08:46.754,11,{baee3786-1133-65ae-5b13-00000000f300},,,,,,,,,,,,,,,,,,,,,mbw10s80076,explorer.exe,,,,,lnk,c:\users,0,empty
73,2024-01-22 13:10:33.281,11,{baee3786-1133-65ae-5b13-00000000f300},,,,,,,,,,,,,,,,,,,,,mbw10s80076,explorer.exe,,,,,lnk,c:\users,0,empty
74,2024-01-22 13:10:33.409,11,{baee3786-1133-65ae-5b13-00000000f300},,,,,,,,,,,,,,,,,,,,,mbw10s80076,explorer.exe,,,,,lnk,c:\users,0,empty
75,2024-01-22 13:11:04.169,11,{baee3786-1133-65ae-5b13-00000000f300},,,,,,,,,,,,,,,,,,,,,mbw10s80076,explorer.exe,,,,,lnk,c:\users,0,empty
76,2024-01-22 13:11:04.275,11,{baee3786-1133-65ae-5b13-00000000f300},,,,,,,,,,,,,,,,,,,,,mbw10s80076,explorer.exe,,,,,lnk,c:\users,0,empty
77,2024-01-22 13:11:18.372,11,{baee3786-1133-65ae-5b13-00000000f300},,,,,,,,,,,,,,,,,,,,,mbw10s80076,explorer.exe,,,,,lnk,c:\users,0,empty
78,2024-01-22 13:11:18.483,11,{baee3786-1133-65ae-5b13-00000000f300},,,,,,,,,,,,,,,,,,,,,mbw10s80076,explorer.exe,,,,,lnk,c:\users,0,empty
79,2024-01-22 13:23:24.800,11,{baee3786-1133-65ae-5b13-00000000f300},,,,,,,,,,,,,,,,,,,,,mbw10s80076,explorer.exe,,,,,lnk,c:\users,0,empty
80,2024-01-22 13:23:25.015,11,{baee3786-1133-65ae-5b13-00000000f300},,,,,,,,,,,,,,,,,,,,,mbw10s80076,explorer.exe,,,,,lnk,c:\users,0,empty
81,2024-01-23 06:34:04.119,1,{baee3786-5ddc-65af-d11e-00000000f300},,,,,,,,,10.0.19041.3758 (winbuild.160101.0800),windows explorer,microsoft® windows® operating system,microsoft corporation,explorer.exe,c:\windows\explorer.exe,SYSTEMDIRECTORY,medium,c:\windows\system32\userinit.exe,,,,mbw10s80076,explorer.exe,userinit.exe,,,,empty,,0,empty
82,2024-01-23 06:39:10.968,13,{baee3786-5ddc-65af-d11e-00000000f300},,,,,,,,,,,,,,,,,,,,,mbw10s80076,explorer.exe,,,,hku,empty,,0,empty
83,2024-01-23 07:17:30.144,7,{baee3786-5ddc-65af-d11e-00000000f300},,,,,,,,,,,,,,,,,,True,microsoft windows,valid,mbw10s80076,explorer.exe,,,,,empty,,1,c:\windows\system32
84,2024-01-23 09:16:52.848,11,{baee3786-5ddc-65af-d11e-00000000f300},,,,,,,,,,,,,,,,,,,,,mbw10s80076,explorer.exe,,,,,lnk,c:\users,0,empty
85,2024-01-23 09:16:53.000,11,{baee3786-5ddc-65af-d11e-00000000f300},,,,,,,,,,,,,,,,,,,,,mbw10s80076,explorer.exe,,,,,lnk,c:\users,0,empty
86,2024-01-23 10:26:31.852,11,{baee3786-5ddc-65af-d11e-00000000f300},,,,,,,,,,,,,,,,,,,,,mbw10s80076,explorer.exe,,,,,lnk,c:\users,0,empty
87,2024-01-23 11:01:11.599,11,{baee3786-5ddc-65af-d11e-00000000f300},,,,,,,,,,,,,,,,,,,,,mbw10s80076,explorer.exe,,,,,lnk,c:\users,0,empty
88,2024-01-23 11:01:11.734,11,{baee3786-5ddc-65af-d11e-00000000f300},,,,,,,,,,,,,,,,,,,,,mbw10s80076,explorer.exe,,,,,lnk,c:\users,0,empty
89,2024-01-23 11:16:21.030,11,{baee3786-5ddc-65af-d11e-00000000f300},,,,,,,,,,,,,,,,,,,,,mbw10s80076,explorer.exe,,,,,lnk,c:\users,0,empty
90,2024-01-24 06:58:35.036,1,{baee3786-b51b-65b0-c300-00000000f400},,,,,,,,,10.0.19041.3758 (winbuild.160101.0800),windows explorer,microsoft® windows® operating system,microsoft corporation,explorer.exe,c:\windows\explorer.exe,SYSTEMDIRECTORY,medium,c:\windows\system32\userinit.exe,,,,mbw10s80076,explorer.exe,userinit.exe,,,,empty,,0,empty
91,2024-01-24 06:58:40.453,11,{baee3786-b51b-65b0-c300-00000000f400},,,,,,,,,,,,,,,,,,,,,mbw10s80076,explorer.exe,,,,,lnk,c:\users,0,empty
92,2024-01-24 06:58:40.490,11,{baee3786-b51b-65b0-c300-00000000f400},,,,,,,,,,,,,,,,,,,,,mbw10s80076,explorer.exe,,,,,lnk,c:\users,0,empty
93,2024-01-24 07:03:39.819,13,{baee3786-b51b-65b0-c300-00000000f400},,,,,,,,,,,,,,,,,,,,,mbw10s80076,explorer.exe,,,,hku,empty,,0,empty
94,2024-01-24 12:06:22.070,11,{baee3786-b51b-65b0-c300-00000000f400},,,,,,,,,,,,,,,,,,,,,mbw10s80076,explorer.exe,,,,,lnk,c:\users,0,empty
95,2024-01-24 12:26:44.819,11,{baee3786-b51b-65b0-c300-00000000f400},,,,,,,,,,,,,,,,,,,,,mbw10s80076,explorer.exe,,,,,lnk,c:\users,0,empty
96,2024-01-24 12:37:27.400,11,{baee3786-b51b-65b0-c300-00000000f400},,,,,,,,,,,,,,,,,,,,,mbw10s80076,explorer.exe,,,,,lnk,c:\users,0,empty
97,2024-01-24 12:48:53.355,11,{baee3786-b51b-65b0-c300-00000000f400},,,,,,,,,,,,,,,,,,,,,mbw10s80076,explorer.exe,,,,,lnk,c:\users,0,empty
98,2024-01-24 12:57:10.721,11,{baee3786-b51b-65b0-c300-00000000f400},,,,,,,,,,,,,,,,,,,,,mbw10s80076,explorer.exe,,,,,lnk,c:\users,0,empty
99,2024-01-24 16:11:34.042,1,{baee3786-36b6-65b1-b809-00000000f400},,,,,,,,,10.0.19041.3758 (winbuild.160101.0800),windows explorer,microsoft® windows® operating system,microsoft corporation,explorer.exe,c:\windows\explorer.exe,SYSTEMDIRECTORY,medium,c:\windows\system32\userinit.exe,,,,mbw10s80076,explorer.exe,userinit.exe,,,,empty,,0,empty
100,2024-01-24 16:16:37.008,13,{baee3786-36b6-65b1-b809-00000000f400},,,,,,,,,,,,,,,,,,,,,mbw10s80076,explorer.exe,,,,hku,empty,,0,empty
101,2024-01-24 16:22:51.574,11,{baee3786-36b6-65b1-b809-00000000f400},,,,,,,,,,,,,,,,,,,,,mbw10s80076,explorer.exe,,,,,lnk,c:\users,0,empty
102,2024-01-24 16:22:51.661,11,{baee3786-36b6-65b1-b809-00000000f400},,,,,,,,,,,,,,,,,,,,,mbw10s80076,explorer.exe,,,,,lnk,c:\users,0,empty
103,2024-01-24 16:50:20.945,11,{baee3786-36b6-65b1-b809-00000000f400},,,,,,,,,,,,,,,,,,,,,mbw10s80076,explorer.exe,,,,,lnk,c:\users,0,empty
104,2024-01-24 16:50:20.950,11,{baee3786-36b6-65b1-b809-00000000f400},,,,,,,,,,,,,,,,,,,,,mbw10s80076,explorer.exe,,,,,lnk,c:\users,0,empty
105,2024-01-24 16:50:20.969,11,{baee3786-36b6-65b1-b809-00000000f400},,,,,,,,,,,,,,,,,,,,,mbw10s80076,explorer.exe,,,,,lnk,c:\users,0,empty
106,2024-01-24 16:52:18.348,11,{baee3786-36b6-65b1-b809-00000000f400},,,,,,,,,,,,,,,,,,,,,mbw10s80076,explorer.exe,,,,,lnk,c:\users,0,empty
107,2024-01-24 16:52:18.386,11,{baee3786-36b6-65b1-b809-00000000f400},,,,,,,,,,,,,,,,,,,,,mbw10s80076,explorer.exe,,,,,lnk,c:\users,0,empty
108,2024-01-24 16:53:59.170,11,{baee3786-36b6-65b1-b809-00000000f400},,,,,,,,,,,,,,,,,,,,,mbw10s80076,explorer.exe,,,,,lnk,c:\users,0,empty
109,2024-01-24 16:53:59.206,11,{baee3786-36b6-65b1-b809-00000000f400},,,,,,,,,,,,,,,,,,,,,mbw10s80076,explorer.exe,,,,,lnk,c:\users,0,empty
110,2024-01-24 16:57:47.407,11,{baee3786-36b6-65b1-b809-00000000f400},,,,,,,,,,,,,,,,,,,,,mbw10s80076,explorer.exe,,,,,lnk,c:\users,0,empty
111,2024-01-24 16:57:47.444,11,{baee3786-36b6-65b1-b809-00000000f400},,,,,,,,,,,,,,,,,,,,,mbw10s80076,explorer.exe,,,,,lnk,c:\users,0,empty
112,2024-01-25 06:52:00.883,1,{baee3786-0510-65b2-090c-00000000f400},,,,,,,,,10.0.19041.3758 (winbuild.160101.0800),windows explorer,microsoft® windows® operating system,microsoft corporation,explorer.exe,c:\windows\explorer.exe,SYSTEMDIRECTORY,medium,c:\windows\system32\userinit.exe,,,,mbw10s80076,explorer.exe,userinit.exe,,,,empty,,0,empty
113,2024-01-25 06:52:05.744,11,{baee3786-0510-65b2-090c-00000000f400},,,,,,,,,,,,,,,,,,,,,mbw10s80076,explorer.exe,,,,,lnk,c:\users,0,empty
114,2024-01-25 06:52:05.789,11,{baee3786-0510-65b2-090c-00000000f400},,,,,,,,,,,,,,,,,,,,,mbw10s80076,explorer.exe,,,,,lnk,c:\users,0,empty
115,2024-01-25 06:54:43.919,1,{baee3786-05b3-65b2-ca00-00000000f500},,,,,,,,,10.0.19041.3758 (winbuild.160101.0800),windows explorer,microsoft® windows® operating system,microsoft corporation,explorer.exe,c:\windows\explorer.exe,SYSTEMDIRECTORY,medium,c:\windows\system32\userinit.exe,,,,mbw10s80076,explorer.exe,userinit.exe,,,,empty,,0,empty
116,2024-01-25 06:59:51.342,13,{baee3786-05b3-65b2-ca00-00000000f500},,,,,,,,,,,,,,,,,,,,,mbw10s80076,explorer.exe,,,,hku,empty,,0,empty
117,2024-01-25 07:13:13.397,11,{baee3786-05b3-65b2-ca00-00000000f500},,,,,,,,,,,,,,,,,,,,,mbw10s80076,explorer.exe,,,,,lnk,c:\users,0,empty
118,2024-01-25 07:13:13.413,11,{baee3786-05b3-65b2-ca00-00000000f500},,,,,,,,,,,,,,,,,,,,,mbw10s80076,explorer.exe,,,,,lnk,c:\users,0,empty
119,2024-01-25 07:13:13.434,11,{baee3786-05b3-65b2-ca00-00000000f500},,,,,,,,,,,,,,,,,,,,,mbw10s80076,explorer.exe,,,,,lnk,c:\users,0,empty
120,2024-01-25 07:13:13.444,11,{baee3786-05b3-65b2-ca00-00000000f500},,,,,,,,,,,,,,,,,,,,,mbw10s80076,explorer.exe,,,,,lnk,c:\users,0,empty
121,2024-01-25 07:13:16.111,11,{baee3786-05b3-65b2-ca00-00000000f500},,,,,,,,,,,,,,,,,,,,,mbw10s80076,explorer.exe,,,,,lnk,c:\users,0,empty
122,2024-01-25 07:13:16.142,11,{baee3786-05b3-65b2-ca00-00000000f500},,,,,,,,,,,,,,,,,,,,,mbw10s80076,explorer.exe,,,,,lnk,c:\users,0,empty
123,2024-01-25 07:17:24.979,11,{baee3786-05b3-65b2-ca00-00000000f500},,,,,,,,,,,,,,,,,,,,,mbw10s80076,explorer.exe,,,,,lnk,c:\users,0,empty
124,2024-01-25 07:17:25.066,11,{baee3786-05b3-65b2-ca00-00000000f500},,,,,,,,,,,,,,,,,,,,,mbw10s80076,explorer.exe,,,,,lnk,c:\users,0,empty
125,2024-01-25 08:16:26.309,11,{baee3786-05b3-65b2-ca00-00000000f500},,,,,,,,,,,,,,,,,,,,,mbw10s80076,explorer.exe,,,,,lnk,c:\users,0,empty
126,2024-01-25 08:16:26.430,11,{baee3786-05b3-65b2-ca00-00000000f500},,,,,,,,,,,,,,,,,,,,,mbw10s80076,explorer.exe,,,,,lnk,c:\users,0,empty
127,2024-01-25 08:24:31.041,11,{baee3786-05b3-65b2-ca00-00000000f500},,,,,,,,,,,,,,,,,,,,,mbw10s80076,explorer.exe,,,,,lnk,c:\users,0,empty
128,2024-01-25 08:24:31.080,11,{baee3786-05b3-65b2-ca00-00000000f500},,,,,,,,,,,,,,,,,,,,,mbw10s80076,explorer.exe,,,,,lnk,c:\users,0,empty
129,2024-01-25 09:36:50.152,11,{baee3786-05b3-65b2-ca00-00000000f500},,,,,,,,,,,,,,,,,,,,,mbw10s80076,explorer.exe,,,,,lnk,c:\users,0,empty
130,2024-01-25 09:36:50.186,11,{baee3786-05b3-65b2-ca00-00000000f500},,,,,,,,,,,,,,,,,,,,,mbw10s80076,explorer.exe,,,,,lnk,c:\users,0,empty
131,2024-01-25 09:38:46.678,11,{baee3786-05b3-65b2-ca00-00000000f500},,,,,,,,,,,,,,,,,,,,,mbw10s80076,explorer.exe,,,,,lnk,c:\users,0,empty
132,2024-01-25 09:45:36.882,11,{baee3786-05b3-65b2-ca00-00000000f500},,,,,,,,,,,,,,,,,,,,,mbw10s80076,explorer.exe,,,,,lnk,c:\users,0,empty
133,2024-01-25 09:45:36.954,11,{baee3786-05b3-65b2-ca00-00000000f500},,,,,,,,,,,,,,,,,,,,,mbw10s80076,explorer.exe,,,,,lnk,c:\users,0,empty
134,2024-01-25 10:28:33.262,11,{baee3786-05b3-65b2-ca00-00000000f500},,,,,,,,,,,,,,,,,,,,,mbw10s80076,explorer.exe,,,,,lnk,c:\users,0,empty
135,2024-01-25 11:14:49.135,11,{baee3786-05b3-65b2-ca00-00000000f500},,,,,,,,,,,,,,,,,,,,,mbw10s80076,explorer.exe,,,,,lnk,c:\users,0,empty
136,2024-01-25 11:14:49.173,11,{baee3786-05b3-65b2-ca00-00000000f500},,,,,,,,,,,,,,,,,,,,,mbw10s80076,explorer.exe,,,,,lnk,c:\users,0,empty
137,2024-01-25 11:15:36.726,11,{baee3786-05b3-65b2-ca00-00000000f500},,,,,,,,,,,,,,,,,,,,,mbw10s80076,explorer.exe,,,,,lnk,c:\users,0,empty
138,2024-01-25 11:15:36.768,11,{baee3786-05b3-65b2-ca00-00000000f500},,,,,,,,,,,,,,,,,,,,,mbw10s80076,explorer.exe,,,,,lnk,c:\users,0,empty
139,2024-01-25 11:20:48.335,11,{baee3786-05b3-65b2-ca00-00000000f500},,,,,,,,,,,,,,,,,,,,,mbw10s80076,explorer.exe,,,,,lnk,c:\users,0,empty
140,2024-01-25 11:20:48.376,11,{baee3786-05b3-65b2-ca00-00000000f500},,,,,,,,,,,,,,,,,,,,,mbw10s80076,explorer.exe,,,,,lnk,c:\users,0,empty
141,2024-01-25 11:22:33.036,11,{baee3786-05b3-65b2-ca00-00000000f500},,,,,,,,,,,,,,,,,,,,,mbw10s80076,explorer.exe,,,,,lnk,c:\users,0,empty
142,2024-01-25 11:22:33.086,11,{baee3786-05b3-65b2-ca00-00000000f500},,,,,,,,,,,,,,,,,,,,,mbw10s80076,explorer.exe,,,,,lnk,c:\users,0,empty
143,2024-01-25 11:26:19.469,11,{baee3786-05b3-65b2-ca00-00000000f500},,,,,,,,,,,,,,,,,,,,,mbw10s80076,explorer.exe,,,,,lnk,c:\users,0,empty
144,2024-01-25 11:26:19.650,11,{baee3786-05b3-65b2-ca00-00000000f500},,,,,,,,,,,,,,,,,,,,,mbw10s80076,explorer.exe,,,,,lnk,c:\users,0,empty
145,2024-01-25 11:26:35.477,11,{baee3786-05b3-65b2-ca00-00000000f500},,,,,,,,,,,,,,,,,,,,,mbw10s80076,explorer.exe,,,,,lnk,c:\users,0,empty
146,2024-01-25 11:26:35.666,11,{baee3786-05b3-65b2-ca00-00000000f500},,,,,,,,,,,,,,,,,,,,,mbw10s80076,explorer.exe,,,,,lnk,c:\users,0,empty
147,2024-01-25 11:30:52.970,11,{baee3786-05b3-65b2-ca00-00000000f500},,,,,,,,,,,,,,,,,,,,,mbw10s80076,explorer.exe,,,,,lnk,c:\users,0,empty
148,2024-01-25 11:30:53.014,11,{baee3786-05b3-65b2-ca00-00000000f500},,,,,,,,,,,,,,,,,,,,,mbw10s80076,explorer.exe,,,,,lnk,c:\users,0,empty
149,2024-01-25 11:32:57.496,11,{baee3786-05b3-65b2-ca00-00000000f500},,,,,,,,,,,,,,,,,,,,,mbw10s80076,explorer.exe,,,,,lnk,c:\users,0,empty
150,2024-01-25 11:32:57.543,11,{baee3786-05b3-65b2-ca00-00000000f500},,,,,,,,,,,,,,,,,,,,,mbw10s80076,explorer.exe,,,,,lnk,c:\users,0,empty
151,2024-01-25 11:41:47.422,11,{baee3786-05b3-65b2-ca00-00000000f500},,,,,,,,,,,,,,,,,,,,,mbw10s80076,explorer.exe,,,,,lnk,c:\users,0,empty
152,2024-01-25 11:41:47.545,11,{baee3786-05b3-65b2-ca00-00000000f500},,,,,,,,,,,,,,,,,,,,,mbw10s80076,explorer.exe,,,,,lnk,c:\users,0,empty
153,2024-01-25 11:43:39.609,11,{baee3786-05b3-65b2-ca00-00000000f500},,,,,,,,,,,,,,,,,,,,,mbw10s80076,explorer.exe,,,,,lnk,c:\users,0,empty
154,2024-01-25 11:43:39.764,11,{baee3786-05b3-65b2-ca00-00000000f500},,,,,,,,,,,,,,,,,,,,,mbw10s80076,explorer.exe,,,,,lnk,c:\users,0,empty
155,2024-01-25 11:49:50.835,11,{baee3786-05b3-65b2-ca00-00000000f500},,,,,,,,,,,,,,,,,,,,,mbw10s80076,explorer.exe,,,,,lnk,c:\users,0,empty
156,2024-01-25 11:49:50.874,11,{baee3786-05b3-65b2-ca00-00000000f500},,,,,,,,,,,,,,,,,,,,,mbw10s80076,explorer.exe,,,,,lnk,c:\users,0,empty
157,2024-01-25 11:59:03.006,7,{baee3786-05b3-65b2-ca00-00000000f500},,,,,,,,,,,,,,,,,,True,microsoft windows,valid,mbw10s80076,explorer.exe,,,,,empty,,1,c:\windows\system32
158,2024-01-25 11:59:10.591,11,{baee3786-05b3-65b2-ca00-00000000f500},,,,,,,,,,,,,,,,,,,,,mbw10s80076,explorer.exe,,,,,lnk,c:\users,0,empty
159,2024-01-26 06:48:28.136,1,{baee3786-55bc-65b3-2e09-00000000f500},,,,,,,,,10.0.19041.3758 (winbuild.160101.0800),windows explorer,microsoft® windows® operating system,microsoft corporation,explorer.exe,c:\windows\explorer.exe,SYSTEMDIRECTORY,medium,c:\windows\system32\userinit.exe,,,,mbw10s80076,explorer.exe,userinit.exe,,,,empty,,0,empty
160,2024-01-26 06:53:34.348,13,{baee3786-55bc-65b3-2e09-00000000f500},,,,,,,,,,,,,,,,,,,,,mbw10s80076,explorer.exe,,,,hku,empty,,0,empty
161,2024-01-26 07:29:42.070,11,{baee3786-55bc-65b3-2e09-00000000f500},,,,,,,,,,,,,,,,,,,,,mbw10s80076,explorer.exe,,,,,lnk,c:\users,0,empty
162,2024-01-26 08:13:00.403,11,{baee3786-55bc-65b3-2e09-00000000f500},,,,,,,,,,,,,,,,,,,,,mbw10s80076,explorer.exe,,,,,lnk,c:\users,0,empty
163,2024-01-26 08:13:00.539,11,{baee3786-55bc-65b3-2e09-00000000f500},,,,,,,,,,,,,,,,,,,,,mbw10s80076,explorer.exe,,,,,lnk,c:\users,0,empty
164,2024-01-26 08:25:14.848,11,{baee3786-55bc-65b3-2e09-00000000f500},,,,,,,,,,,,,,,,,,,,,mbw10s80076,explorer.exe,,,,,lnk,c:\users,0,empty
165,2024-01-26 08:25:14.915,11,{baee3786-55bc-65b3-2e09-00000000f500},,,,,,,,,,,,,,,,,,,,,mbw10s80076,explorer.exe,,,,,lnk,c:\users,0,empty
166,2024-01-26 08:33:18.076,11,{baee3786-55bc-65b3-2e09-00000000f500},,,,,,,,,,,,,,,,,,,,,mbw10s80076,explorer.exe,,,,,lnk,c:\users,0,empty
167,2024-01-29 07:07:29.429,1,{baee3786-4eb1-65b7-ef10-00000000f500},,,,,,,,,10.0.19041.3758 (winbuild.160101.0800),windows explorer,microsoft® windows® operating system,microsoft corporation,explorer.exe,c:\windows\explorer.exe,SYSTEMDIRECTORY,medium,c:\windows\system32\userinit.exe,,,,mbw10s80076,explorer.exe,userinit.exe,,,,empty,,0,empty
168,2024-01-29 07:07:37.220,11,{baee3786-4eb1-65b7-ef10-00000000f500},,,,,,,,,,,,,,,,,,,,,mbw10s80076,explorer.exe,,,,,lnk,c:\users,0,empty
169,2024-01-29 07:07:37.503,11,{baee3786-4eb1-65b7-ef10-00000000f500},,,,,,,,,,,,,,,,,,,,,mbw10s80076,explorer.exe,,,,,lnk,c:\users,0,empty
170,2024-01-29 07:12:23.458,11,{baee3786-4eb1-65b7-ef10-00000000f500},,,,,,,,,,,,,,,,,,,,,mbw10s80076,explorer.exe,,,,,lnk,c:\users,0,empty
171,2024-01-29 07:12:35.154,13,{baee3786-4eb1-65b7-ef10-00000000f500},,,,,,,,,,,,,,,,,,,,,mbw10s80076,explorer.exe,,,,hku,empty,,0,empty
172,2024-01-29 07:23:43.854,11,{baee3786-4eb1-65b7-ef10-00000000f500},,,,,,,,,,,,,,,,,,,,,mbw10s80076,explorer.exe,,,,,lnk,c:\users,0,empty
173,2024-01-29 07:23:43.922,11,{baee3786-4eb1-65b7-ef10-00000000f500},,,,,,,,,,,,,,,,,,,,,mbw10s80076,explorer.exe,,,,,lnk,c:\users,0,empty
174,2024-01-29 07:58:05.374,11,{baee3786-4eb1-65b7-ef10-00000000f500},,,,,,,,,,,,,,,,,,,,,mbw10s80076,explorer.exe,,,,,lnk,c:\users,0,empty
175,2024-01-29 10:30:35.520,7,{baee3786-4eb1-65b7-ef10-00000000f500},,,,,,,,,,,,,,,,,,True,microsoft windows,valid,mbw10s80076,explorer.exe,,,,,empty,,1,c:\windows\system32
176,2024-01-29 13:39:05.960,11,{baee3786-4eb1-65b7-ef10-00000000f500},,,,,,,,,,,,,,,,,,,,,mbw10s80076,explorer.exe,,,,,lnk,c:\users,0,empty
177,2024-01-29 14:19:31.889,11,{baee3786-4eb1-65b7-ef10-00000000f500},,,,,,,,,,,,,,,,,,,,,mbw10s80076,explorer.exe,,,,,lnk,c:\users,0,empty
178,2024-01-29 14:19:31.896,11,{baee3786-4eb1-65b7-ef10-00000000f500},,,,,,,,,,,,,,,,,,,,,mbw10s80076,explorer.exe,,,,,lnk,c:\users,0,empty
179,2024-01-29 14:19:43.202,11,{baee3786-4eb1-65b7-ef10-00000000f500},,,,,,,,,,,,,,,,,,,,,mbw10s80076,explorer.exe,,,,,lnk,c:\users,0,empty
180,2024-01-29 14:19:43.208,11,{baee3786-4eb1-65b7-ef10-00000000f500},,,,,,,,,,,,,,,,,,,,,mbw10s80076,explorer.exe,,,,,lnk,c:\users,0,empty
181,2024-01-30 06:50:05.477,1,{baee3786-9c1d-65b8-ea1b-00000000f500},,,,,,,,,10.0.19041.3758 (winbuild.160101.0800),windows explorer,microsoft® windows® operating system,microsoft corporation,explorer.exe,c:\windows\explorer.exe,SYSTEMDIRECTORY,medium,c:\windows\system32\userinit.exe,,,,mbw10s80076,explorer.exe,userinit.exe,,,,empty,,0,empty
182,2024-01-30 06:50:10.215,11,{baee3786-9c1d-65b8-ea1b-00000000f500},,,,,,,,,,,,,,,,,,,,,mbw10s80076,explorer.exe,,,,,lnk,c:\users,0,empty
183,2024-01-30 06:50:10.266,11,{baee3786-9c1d-65b8-ea1b-00000000f500},,,,,,,,,,,,,,,,,,,,,mbw10s80076,explorer.exe,,,,,lnk,c:\users,0,empty
184,2024-01-30 06:55:09.003,13,{baee3786-9c1d-65b8-ea1b-00000000f500},,,,,,,,,,,,,,,,,,,,,mbw10s80076,explorer.exe,,,,hku,empty,,0,empty
185,2024-01-30 07:29:32.108,11,{baee3786-9c1d-65b8-ea1b-00000000f500},,,,,,,,,,,,,,,,,,,,,mbw10s80076,explorer.exe,,,,,lnk,c:\users,0,empty
186,2024-01-31 06:52:38.415,1,{baee3786-ee36-65b9-1b23-00000000f500},,,,,,,,,10.0.19041.3758 (winbuild.160101.0800),windows explorer,microsoft® windows® operating system,microsoft corporation,explorer.exe,c:\windows\explorer.exe,SYSTEMDIRECTORY,medium,c:\windows\system32\userinit.exe,,,,mbw10s80076,explorer.exe,userinit.exe,,,,empty,,0,empty
187,2024-01-31 06:52:41.904,7,{baee3786-ee36-65b9-1b23-00000000f500},,,,,,,,,,,,,,,,,,True,microsoft windows,valid,mbw10s80076,explorer.exe,,,,,empty,,1,c:\windows\system32
188,2024-01-31 06:52:45.683,11,{baee3786-ee36-65b9-1b23-00000000f500},,,,,,,,,,,,,,,,,,,,,mbw10s80076,explorer.exe,,,,,lnk,c:\users,0,empty
189,2024-01-31 06:52:45.750,11,{baee3786-ee36-65b9-1b23-00000000f500},,,,,,,,,,,,,,,,,,,,,mbw10s80076,explorer.exe,,,,,lnk,c:\users,0,empty
190,2024-01-31 06:57:44.431,13,{baee3786-ee36-65b9-1b23-00000000f500},,,,,,,,,,,,,,,,,,,,,mbw10s80076,explorer.exe,,,,hku,empty,,0,empty
191,2024-01-31 07:00:51.278,1,{baee3786-f023-65b9-d200-00000000f600},,,,,,,,,10.0.19041.3758 (winbuild.160101.0800),windows explorer,microsoft® windows® operating system,microsoft corporation,explorer.exe,c:\windows\explorer.exe,SYSTEMDIRECTORY,medium,c:\windows\system32\userinit.exe,,,,mbw10s80076,explorer.exe,userinit.exe,,,,empty,,0,empty
192,2024-01-31 07:05:56.276,13,{baee3786-f023-65b9-d200-00000000f600},,,,,,,,,,,,,,,,,,,,,mbw10s80076,explorer.exe,,,,hku,empty,,0,empty
193,2024-01-31 07:09:34.268,11,{baee3786-f023-65b9-d200-00000000f600},,,,,,,,,,,,,,,,,,,,,mbw10s80076,explorer.exe,,,,,lnk,c:\users,0,empty
194,2024-01-31 07:36:15.535,11,{baee3786-f023-65b9-d200-00000000f600},,,,,,,,,,,,,,,,,,,,,mbw10s80076,explorer.exe,,,,,lnk,c:\users,0,empty
195,2024-01-31 07:36:21.896,11,{baee3786-f023-65b9-d200-00000000f600},,,,,,,,,,,,,,,,,,,,,mbw10s80076,explorer.exe,,,,,lnk,c:\users,0,empty
196,2024-01-31 07:36:37.225,11,{baee3786-f023-65b9-d200-00000000f600},,,,,,,,,,,,,,,,,,,,,mbw10s80076,explorer.exe,,,,,lnk,c:\users,0,empty
197,2024-01-31 07:38:44.384,11,{baee3786-f023-65b9-d200-00000000f600},,,,,,,,,,,,,,,,,,,,,mbw10s80076,explorer.exe,,,,,lnk,c:\users,0,empty
198,2024-01-31 07:44:18.242,11,{baee3786-f023-65b9-d200-00000000f600},,,,,,,,,,,,,,,,,,,,,mbw10s80076,explorer.exe,,,,,lnk,c:\users,0,empty
199,2024-01-31 08:16:21.529,11,{baee3786-f023-65b9-d200-00000000f600},,,,,,,,,,,,,,,,,,,,,mbw10s80076,explorer.exe,,,,,lnk,c:\users,0,empty
200,2024-01-31 08:24:05.655,11,{baee3786-f023-65b9-d200-00000000f600},,,,,,,,,,,,,,,,,,,,,mbw10s80076,explorer.exe,,,,,lnk,c:\users,0,empty
201,2024-01-31 08:26:07.864,11,{baee3786-f023-65b9-d200-00000000f600},,,,,,,,,,,,,,,,,,,,,mbw10s80076,explorer.exe,,,,,lnk,c:\users,0,empty
202,2024-01-31 08:26:07.899,11,{baee3786-f023-65b9-d200-00000000f600},,,,,,,,,,,,,,,,,,,,,mbw10s80076,explorer.exe,,,,,lnk,c:\users,0,empty
203,2024-01-31 08:32:26.382,11,{baee3786-f023-65b9-d200-00000000f600},,,,,,,,,,,,,,,,,,,,,mbw10s80076,explorer.exe,,,,,lnk,c:\users,0,empty
204,2024-01-31 08:32:26.422,11,{baee3786-f023-65b9-d200-00000000f600},,,,,,,,,,,,,,,,,,,,,mbw10s80076,explorer.exe,,,,,lnk,c:\users,0,empty
205,2024-01-31 09:28:11.441,11,{baee3786-f023-65b9-d200-00000000f600},,,,,,,,,,,,,,,,,,,,,mbw10s80076,explorer.exe,,,,,lnk,c:\users,0,empty
206,2024-01-31 09:28:11.523,11,{baee3786-f023-65b9-d200-00000000f600},,,,,,,,,,,,,,,,,,,,,mbw10s80076,explorer.exe,,,,,lnk,c:\users,0,empty
207,2024-01-31 09:28:27.022,11,{baee3786-f023-65b9-d200-00000000f600},,,,,,,,,,,,,,,,,,,,,mbw10s80076,explorer.exe,,,,,lnk,c:\users,0,empty
208,2024-01-31 09:28:27.090,11,{baee3786-f023-65b9-d200-00000000f600},,,,,,,,,,,,,,,,,,,,,mbw10s80076,explorer.exe,,,,,lnk,c:\users,0,empty
209,2024-01-31 09:28:46.377,11,{baee3786-f023-65b9-d200-00000000f600},,,,,,,,,,,,,,,,,,,,,mbw10s80076,explorer.exe,,,,,lnk,c:\users,0,empty
210,2024-01-31 09:28:54.845,11,{baee3786-f023-65b9-d200-00000000f600},,,,,,,,,,,,,,,,,,,,,mbw10s80076,explorer.exe,,,,,lnk,c:\users,0,empty
211,2024-01-31 09:28:54.854,11,{baee3786-f023-65b9-d200-00000000f600},,,,,,,,,,,,,,,,,,,,,mbw10s80076,explorer.exe,,,,,lnk,c:\users,0,empty
212,2024-01-31 09:29:41.473,11,{baee3786-f023-65b9-d200-00000000f600},,,,,,,,,,,,,,,,,,,,,mbw10s80076,explorer.exe,,,,,lnk,c:\users,0,empty
213,2024-01-31 09:29:56.930,11,{baee3786-f023-65b9-d200-00000000f600},,,,,,,,,,,,,,,,,,,,,mbw10s80076,explorer.exe,,,,,lnk,c:\users,0,empty
214,2024-01-31 09:29:56.936,11,{baee3786-f023-65b9-d200-00000000f600},,,,,,,,,,,,,,,,,,,,,mbw10s80076,explorer.exe,,,,,lnk,c:\users,0,empty
215,2024-01-31 09:30:58.747,11,{baee3786-f023-65b9-d200-00000000f600},,,,,,,,,,,,,,,,,,,,,mbw10s80076,explorer.exe,,,,,lnk,c:\users,0,empty
216,2024-01-31 09:33:10.082,11,{baee3786-f023-65b9-d200-00000000f600},,,,,,,,,,,,,,,,,,,,,mbw10s80076,explorer.exe,,,,,lnk,c:\users,0,empty
217,2024-01-31 09:33:10.155,11,{baee3786-f023-65b9-d200-00000000f600},,,,,,,,,,,,,,,,,,,,,mbw10s80076,explorer.exe,,,,,lnk,c:\users,0,empty
218,2024-01-31 09:45:34.344,11,{baee3786-f023-65b9-d200-00000000f600},,,,,,,,,,,,,,,,,,,,,mbw10s80076,explorer.exe,,,,,lnk,c:\users,0,empty
219,2024-01-31 09:46:12.212,11,{baee3786-f023-65b9-d200-00000000f600},,,,,,,,,,,,,,,,,,,,,mbw10s80076,explorer.exe,,,,,lnk,c:\users,0,empty
220,2024-01-31 09:47:09.387,11,{baee3786-f023-65b9-d200-00000000f600},,,,,,,,,,,,,,,,,,,,,mbw10s80076,explorer.exe,,,,,lnk,c:\users,0,empty
221,2024-01-31 09:48:59.312,11,{baee3786-f023-65b9-d200-00000000f600},,,,,,,,,,,,,,,,,,,,,mbw10s80076,explorer.exe,,,,,lnk,c:\users,0,empty
222,2024-01-31 09:49:24.893,11,{baee3786-f023-65b9-d200-00000000f600},,,,,,,,,,,,,,,,,,,,,mbw10s80076,explorer.exe,,,,,lnk,c:\users,0,empty
223,2024-01-31 10:08:46.689,11,{baee3786-f023-65b9-d200-00000000f600},,,,,,,,,,,,,,,,,,,,,mbw10s80076,explorer.exe,,,,,lnk,c:\users,0,empty
224,2024-01-31 10:08:46.748,11,{baee3786-f023-65b9-d200-00000000f600},,,,,,,,,,,,,,,,,,,,,mbw10s80076,explorer.exe,,,,,lnk,c:\users,0,empty
225,2024-01-31 11:58:01.654,11,{baee3786-f023-65b9-d200-00000000f600},,,,,,,,,,,,,,,,,,,,,mbw10s80076,explorer.exe,,,,,lnk,c:\users,0,empty
226,2024-01-31 11:58:06.614,11,{baee3786-f023-65b9-d200-00000000f600},,,,,,,,,,,,,,,,,,,,,mbw10s80076,explorer.exe,,,,,lnk,c:\users,0,empty
227,2024-01-31 11:58:06.627,11,{baee3786-f023-65b9-d200-00000000f600},,,,,,,,,,,,,,,,,,,,,mbw10s80076,explorer.exe,,,,,lnk,c:\users,0,empty
228,2024-01-31 12:07:44.858,11,{baee3786-f023-65b9-d200-00000000f600},,,,,,,,,,,,,,,,,,,,,mbw10s80076,explorer.exe,,,,,lnk,c:\users,0,empty
229,2024-01-31 12:07:44.892,11,{baee3786-f023-65b9-d200-00000000f600},,,,,,,,,,,,,,,,,,,,,mbw10s80076,explorer.exe,,,,,lnk,c:\users,0,empty
230,2024-01-31 12:26:41.215,11,{baee3786-f023-65b9-d200-00000000f600},,,,,,,,,,,,,,,,,,,,,mbw10s80076,explorer.exe,,,,,lnk,c:\users,0,empty
231,2024-01-31 12:35:27.196,11,{baee3786-f023-65b9-d200-00000000f600},,,,,,,,,,,,,,,,,,,,,mbw10s80076,explorer.exe,,,,,lnk,c:\users,0,empty
232,2024-01-31 12:35:27.252,11,{baee3786-f023-65b9-d200-00000000f600},,,,,,,,,,,,,,,,,,,,,mbw10s80076,explorer.exe,,,,,lnk,c:\users,0,empty
233,2024-01-31 12:35:56.222,11,{baee3786-f023-65b9-d200-00000000f600},,,,,,,,,,,,,,,,,,,,,mbw10s80076,explorer.exe,,,,,lnk,c:\users,0,empty
234,2024-01-31 12:35:56.310,11,{baee3786-f023-65b9-d200-00000000f600},,,,,,,,,,,,,,,,,,,,,mbw10s80076,explorer.exe,,,,,lnk,c:\users,0,empty
235,2024-01-31 12:36:02.656,11,{baee3786-f023-65b9-d200-00000000f600},,,,,,,,,,,,,,,,,,,,,mbw10s80076,explorer.exe,,,,,lnk,c:\users,0,empty
236,2024-01-31 12:36:02.719,11,{baee3786-f023-65b9-d200-00000000f600},,,,,,,,,,,,,,,,,,,,,mbw10s80076,explorer.exe,,,,,lnk,c:\users,0,empty
237,2024-01-31 12:38:49.436,11,{baee3786-f023-65b9-d200-00000000f600},,,,,,,,,,,,,,,,,,,,,mbw10s80076,explorer.exe,,,,,lnk,c:\users,0,empty
238,2024-01-31 12:38:49.509,11,{baee3786-f023-65b9-d200-00000000f600},,,,,,,,,,,,,,,,,,,,,mbw10s80076,explorer.exe,,,,,lnk,c:\users,0,empty
239,2024-01-31 12:41:45.514,11,{baee3786-f023-65b9-d200-00000000f600},,,,,,,,,,,,,,,,,,,,,mbw10s80076,explorer.exe,,,,,lnk,c:\users,0,empty
240,2024-01-31 12:41:45.580,11,{baee3786-f023-65b9-d200-00000000f600},,,,,,,,,,,,,,,,,,,,,mbw10s80076,explorer.exe,,,,,lnk,c:\users,0,empty
241,2024-01-31 12:43:21.650,11,{baee3786-f023-65b9-d200-00000000f600},,,,,,,,,,,,,,,,,,,,,mbw10s80076,explorer.exe,,,,,lnk,c:\users,0,empty
242,2024-01-31 12:43:21.724,11,{baee3786-f023-65b9-d200-00000000f600},,,,,,,,,,,,,,,,,,,,,mbw10s80076,explorer.exe,,,,,lnk,c:\users,0,empty
243,2024-01-31 12:46:16.763,11,{baee3786-f023-65b9-d200-00000000f600},,,,,,,,,,,,,,,,,,,,,mbw10s80076,explorer.exe,,,,,lnk,c:\users,0,empty
244,2024-01-31 12:46:16.838,11,{baee3786-f023-65b9-d200-00000000f600},,,,,,,,,,,,,,,,,,,,,mbw10s80076,explorer.exe,,,,,lnk,c:\users,0,empty
245,2024-01-31 12:55:06.564,11,{baee3786-f023-65b9-d200-00000000f600},,,,,,,,,,,,,,,,,,,,,mbw10s80076,explorer.exe,,,,,lnk,c:\users,0,empty
246,2024-01-31 12:55:06.636,11,{baee3786-f023-65b9-d200-00000000f600},,,,,,,,,,,,,,,,,,,,,mbw10s80076,explorer.exe,,,,,lnk,c:\users,0,empty
247,2024-01-31 13:25:42.651,11,{baee3786-f023-65b9-d200-00000000f600},,,,,,,,,,,,,,,,,,,,,mbw10s80076,explorer.exe,,,,,lnk,c:\users,0,empty
248,2024-01-31 13:26:13.901,11,{baee3786-f023-65b9-d200-00000000f600},,,,,,,,,,,,,,,,,,,,,mbw10s80076,explorer.exe,,,,,lnk,c:\users,0,empty
249,2024-01-31 13:34:50.374,7,{baee3786-f023-65b9-d200-00000000f600},,,,,,,,,,,,,,,,,,True,microsoft windows,valid,mbw10s80076,explorer.exe,,,,,empty,,1,c:\windows\system32
250,2024-01-31 14:45:16.182,11,{baee3786-f023-65b9-d200-00000000f600},,,,,,,,,,,,,,,,,,,,,mbw10s80076,explorer.exe,,,,,lnk,c:\users,0,empty
251,2024-01-31 14:45:16.258,11,{baee3786-f023-65b9-d200-00000000f600},,,,,,,,,,,,,,,,,,,,,mbw10s80076,explorer.exe,,,,,lnk,c:\users,0,empty
252,2024-01-31 14:57:41.202,11,{baee3786-f023-65b9-d200-00000000f600},,,,,,,,,,,,,,,,,,,,,mbw10s80076,explorer.exe,,,,,lnk,c:\users,0,empty
253,2024-01-31 14:57:49.537,11,{baee3786-f023-65b9-d200-00000000f600},,,,,,,,,,,,,,,,,,,,,mbw10s80076,explorer.exe,,,,,lnk,c:\users,0,empty
254,2024-01-31 14:58:15.364,11,{baee3786-f023-65b9-d200-00000000f600},,,,,,,,,,,,,,,,,,,,,mbw10s80076,explorer.exe,,,,,lnk,c:\users,0,empty
255,2024-01-31 14:58:27.997,11,{baee3786-f023-65b9-d200-00000000f600},,,,,,,,,,,,,,,,,,,,,mbw10s80076,explorer.exe,,,,,lnk,c:\users,0,empty
256,2024-01-31 14:58:32.391,11,{baee3786-f023-65b9-d200-00000000f600},,,,,,,,,,,,,,,,,,,,,mbw10s80076,explorer.exe,,,,,lnk,c:\users,0,empty
257,2024-01-31 14:58:46.426,11,{baee3786-f023-65b9-d200-00000000f600},,,,,,,,,,,,,,,,,,,,,mbw10s80076,explorer.exe,,,,,lnk,c:\users,0,empty
258,2024-02-01 06:51:13.326,1,{baee3786-3f61-65bb-430d-00000000f600},,,,,,,,,10.0.19041.3758 (winbuild.160101.0800),windows explorer,microsoft® windows® operating system,microsoft corporation,explorer.exe,c:\windows\explorer.exe,SYSTEMDIRECTORY,medium,c:\windows\system32\userinit.exe,,,,mbw10s80076,explorer.exe,userinit.exe,,,,empty,,0,empty
259,2024-02-01 06:51:18.971,11,{baee3786-3f61-65bb-430d-00000000f600},,,,,,,,,,,,,,,,,,,,,mbw10s80076,explorer.exe,,,,,lnk,c:\users,0,empty
260,2024-02-01 06:51:19.016,11,{baee3786-3f61-65bb-430d-00000000f600},,,,,,,,,,,,,,,,,,,,,mbw10s80076,explorer.exe,,,,,lnk,c:\users,0,empty
261,2024-02-01 06:53:29.682,1,{baee3786-3fe9-65bb-c800-00000000f700},,,,,,,,,10.0.19041.3758 (winbuild.160101.0800),windows explorer,microsoft® windows® operating system,microsoft corporation,explorer.exe,c:\windows\explorer.exe,SYSTEMDIRECTORY,medium,c:\windows\system32\userinit.exe,,,,mbw10s80076,explorer.exe,userinit.exe,,,,empty,,0,empty
262,2024-02-01 06:53:37.048,11,{baee3786-3fe9-65bb-c800-00000000f700},,,,,,,,,,,,,,,,,,,,,mbw10s80076,explorer.exe,,,,,lnk,c:\users,0,empty
263,2024-02-01 06:53:37.108,11,{baee3786-3fe9-65bb-c800-00000000f700},,,,,,,,,,,,,,,,,,,,,mbw10s80076,explorer.exe,,,,,lnk,c:\users,0,empty
264,2024-02-01 06:58:36.291,13,{baee3786-3fe9-65bb-c800-00000000f700},,,,,,,,,,,,,,,,,,,,,mbw10s80076,explorer.exe,,,,hku,empty,,0,empty
265,2024-02-01 07:08:16.904,11,{baee3786-3fe9-65bb-c800-00000000f700},,,,,,,,,,,,,,,,,,,,,mbw10s80076,explorer.exe,,,,,lnk,c:\users,0,empty
266,2024-02-01 07:08:16.934,11,{baee3786-3fe9-65bb-c800-00000000f700},,,,,,,,,,,,,,,,,,,,,mbw10s80076,explorer.exe,,,,,lnk,c:\users,0,empty
267,2024-02-01 07:17:22.514,11,{baee3786-3fe9-65bb-c800-00000000f700},,,,,,,,,,,,,,,,,,,,,mbw10s80076,explorer.exe,,,,,lnk,c:\users,0,empty
268,2024-02-01 07:31:39.244,11,{baee3786-3fe9-65bb-c800-00000000f700},,,,,,,,,,,,,,,,,,,,,mbw10s80076,explorer.exe,,,,,lnk,c:\users,0,empty
269,2024-02-01 07:31:39.317,11,{baee3786-3fe9-65bb-c800-00000000f700},,,,,,,,,,,,,,,,,,,,,mbw10s80076,explorer.exe,,,,,lnk,c:\users,0,empty
270,2024-02-01 07:53:23.299,11,{baee3786-3fe9-65bb-c800-00000000f700},,,,,,,,,,,,,,,,,,,,,mbw10s80076,explorer.exe,,,,,lnk,c:\users,0,empty
271,2024-02-01 07:53:23.359,11,{baee3786-3fe9-65bb-c800-00000000f700},,,,,,,,,,,,,,,,,,,,,mbw10s80076,explorer.exe,,,,,lnk,c:\users,0,empty
272,2024-02-01 08:20:13.637,11,{baee3786-3fe9-65bb-c800-00000000f700},,,,,,,,,,,,,,,,,,,,,mbw10s80076,explorer.exe,,,,,lnk,c:\users,0,empty
273,2024-02-01 10:48:01.951,11,{baee3786-3fe9-65bb-c800-00000000f700},,,,,,,,,,,,,,,,,,,,,mbw10s80076,explorer.exe,,,,,lnk,c:\users,0,empty
274,2024-02-01 10:51:30.736,11,{baee3786-3fe9-65bb-c800-00000000f700},,,,,,,,,,,,,,,,,,,,,mbw10s80076,explorer.exe,,,,,lnk,c:\users,0,empty
275,2024-02-01 12:44:01.848,11,{baee3786-3fe9-65bb-c800-00000000f700},,,,,,,,,,,,,,,,,,,,,mbw10s80076,explorer.exe,,,,,lnk,c:\users,0,empty
276,2024-02-01 12:44:01.889,11,{baee3786-3fe9-65bb-c800-00000000f700},,,,,,,,,,,,,,,,,,,,,mbw10s80076,explorer.exe,,,,,lnk,c:\users,0,empty
277,2024-02-01 12:45:50.521,11,{baee3786-3fe9-65bb-c800-00000000f700},,,,,,,,,,,,,,,,,,,,,mbw10s80076,explorer.exe,,,,,lnk,c:\users,0,empty
278,2024-02-01 12:45:50.609,11,{baee3786-3fe9-65bb-c800-00000000f700},,,,,,,,,,,,,,,,,,,,,mbw10s80076,explorer.exe,,,,,lnk,c:\users,0,empty
279,2024-02-02 06:50:27.148,1,{baee3786-90b3-65bc-be08-00000000f700},,,,,,,,,10.0.19041.3758 (winbuild.160101.0800),windows explorer,microsoft® windows® operating system,microsoft corporation,explorer.exe,c:\windows\explorer.exe,SYSTEMDIRECTORY,medium,c:\windows\system32\userinit.exe,,,,mbw10s80076,explorer.exe,userinit.exe,,,,empty,,0,empty
280,2024-02-02 06:50:31.547,11,{baee3786-90b3-65bc-be08-00000000f700},,,,,,,,,,,,,,,,,,,,,mbw10s80076,explorer.exe,,,,,lnk,c:\users,0,empty
281,2024-02-02 06:50:31.601,11,{baee3786-90b3-65bc-be08-00000000f700},,,,,,,,,,,,,,,,,,,,,mbw10s80076,explorer.exe,,,,,lnk,c:\users,0,empty
282,2024-02-02 06:53:13.294,1,{baee3786-9159-65bc-c700-00000000f800},,,,,,,,,10.0.19041.3758 (winbuild.160101.0800),windows explorer,microsoft® windows® operating system,microsoft corporation,explorer.exe,c:\windows\explorer.exe,SYSTEMDIRECTORY,medium,c:\windows\system32\userinit.exe,,,,mbw10s80076,explorer.exe,userinit.exe,,,,empty,,0,empty
283,2024-02-02 06:53:19.719,11,{baee3786-9159-65bc-c700-00000000f800},,,,,,,,,,,,,,,,,,,,,mbw10s80076,explorer.exe,,,,,lnk,c:\users,0,empty
284,2024-02-02 06:53:19.764,11,{baee3786-9159-65bc-c700-00000000f800},,,,,,,,,,,,,,,,,,,,,mbw10s80076,explorer.exe,,,,,lnk,c:\users,0,empty
285,2024-02-02 06:58:18.557,13,{baee3786-9159-65bc-c700-00000000f800},,,,,,,,,,,,,,,,,,,,,mbw10s80076,explorer.exe,,,,hku,empty,,0,empty
286,2024-02-02 07:53:56.660,11,{baee3786-9159-65bc-c700-00000000f800},,,,,,,,,,,,,,,,,,,,,mbw10s80076,explorer.exe,,,,,lnk,c:\users,0,empty
287,2024-02-02 08:13:01.149,11,{baee3786-9159-65bc-c700-00000000f800},,,,,,,,,,,,,,,,,,,,,mbw10s80076,explorer.exe,,,,,lnk,c:\users,0,empty
288,2024-02-02 08:13:01.185,11,{baee3786-9159-65bc-c700-00000000f800},,,,,,,,,,,,,,,,,,,,,mbw10s80076,explorer.exe,,,,,lnk,c:\users,0,empty
289,2024-02-02 08:13:59.415,11,{baee3786-9159-65bc-c700-00000000f800},,,,,,,,,,,,,,,,,,,,,mbw10s80076,explorer.exe,,,,,lnk,c:\users,0,empty
290,2024-02-02 08:13:59.500,11,{baee3786-9159-65bc-c700-00000000f800},,,,,,,,,,,,,,,,,,,,,mbw10s80076,explorer.exe,,,,,lnk,c:\users,0,empty
291,2024-02-02 09:35:10.970,11,{baee3786-9159-65bc-c700-00000000f800},,,,,,,,,,,,,,,,,,,,,mbw10s80076,explorer.exe,,,,,lnk,c:\users,0,empty
292,2024-02-02 09:35:11.002,11,{baee3786-9159-65bc-c700-00000000f800},,,,,,,,,,,,,,,,,,,,,mbw10s80076,explorer.exe,,,,,lnk,c:\users,0,empty
293,2024-02-02 10:43:56.752,11,{baee3786-9159-65bc-c700-00000000f800},,,,,,,,,,,,,,,,,,,,,mbw10s80076,explorer.exe,,,,,lnk,c:\users,0,empty
294,2024-02-02 11:17:09.238,11,{baee3786-9159-65bc-c700-00000000f800},,,,,,,,,,,,,,,,,,,,,mbw10s80076,explorer.exe,,,,,lnk,c:\users,0,empty
295,2024-02-02 12:43:58.328,11,{baee3786-9159-65bc-c700-00000000f800},,,,,,,,,,,,,,,,,,,,,mbw10s80076,explorer.exe,,,,,lnk,c:\users,0,empty
296,2024-02-02 17:10:44.718,1,{baee3786-2214-65bd-2209-00000000f800},,,,,,,,,10.0.19041.3758 (winbuild.160101.0800),windows explorer,microsoft® windows® operating system,microsoft corporation,explorer.exe,c:\windows\explorer.exe,SYSTEMDIRECTORY,medium,c:\windows\system32\userinit.exe,,,,mbw10s80076,explorer.exe,userinit.exe,,,,empty,,0,empty
297,2024-02-02 17:12:43.546,11,{baee3786-2214-65bd-2209-00000000f800},,,,,,,,,,,,,,,,,,,,,mbw10s80076,explorer.exe,,,,,lnk,c:\users,0,empty
298,2024-02-02 17:12:43.597,11,{baee3786-2214-65bd-2209-00000000f800},,,,,,,,,,,,,,,,,,,,,mbw10s80076,explorer.exe,,,,,lnk,c:\users,0,empty
299,2024-02-02 17:12:44.699,11,{baee3786-2214-65bd-2209-00000000f800},,,,,,,,,,,,,,,,,,,,,mbw10s80076,explorer.exe,,,,,lnk,c:\users,0,empty
300,2024-02-02 17:12:44.730,11,{baee3786-2214-65bd-2209-00000000f800},,,,,,,,,,,,,,,,,,,,,mbw10s80076,explorer.exe,,,,,lnk,c:\users,0,empty
301,2024-02-02 17:15:51.178,13,{baee3786-2214-65bd-2209-00000000f800},,,,,,,,,,,,,,,,,,,,,mbw10s80076,explorer.exe,,,,hku,empty,,0,empty
302,2024-01-24 14:26:47.039,11,{4a418613-8183-65af-d200-000000005a00},,,,,,,,,,,,,,,,,,,,,mbw10s81508,explorer.exe,,,,,lnk,c:\users,0,empty
303,2024-01-24 14:26:47.160,11,{4a418613-8183-65af-d200-000000005a00},,,,,,,,,,,,,,,,,,,,,mbw10s81508,explorer.exe,,,,,lnk,c:\users,0,empty
304,2024-01-24 14:32:39.683,11,{4a418613-8183-65af-d200-000000005a00},,,,,,,,,,,,,,,,,,,,,mbw10s81508,explorer.exe,,,,,lnk,c:\users,0,empty
305,2024-01-24 14:32:39.747,11,{4a418613-8183-65af-d200-000000005a00},,,,,,,,,,,,,,,,,,,,,mbw10s81508,explorer.exe,,,,,lnk,c:\users,0,empty
306,2024-01-24 14:32:56.295,11,{4a418613-8183-65af-d200-000000005a00},,,,,,,,,,,,,,,,,,,,,mbw10s81508,explorer.exe,,,,,lnk,c:\users,0,empty
307,2024-01-24 14:32:56.352,11,{4a418613-8183-65af-d200-000000005a00},,,,,,,,,,,,,,,,,,,,,mbw10s81508,explorer.exe,,,,,lnk,c:\users,0,empty
308,2024-01-24 14:56:38.940,11,{4a418613-8183-65af-d200-000000005a00},,,,,,,,,,,,,,,,,,,,,mbw10s81508,explorer.exe,,,,,lnk,c:\users,0,empty
309,2024-01-24 14:56:38.978,11,{4a418613-8183-65af-d200-000000005a00},,,,,,,,,,,,,,,,,,,,,mbw10s81508,explorer.exe,,,,,lnk,c:\users,0,empty
310,2024-01-24 14:56:54.473,11,{4a418613-8183-65af-d200-000000005a00},,,,,,,,,,,,,,,,,,,,,mbw10s81508,explorer.exe,,,,,lnk,c:\users,0,empty
311,2024-01-24 14:56:54.526,11,{4a418613-8183-65af-d200-000000005a00},,,,,,,,,,,,,,,,,,,,,mbw10s81508,explorer.exe,,,,,lnk,c:\users,0,empty
312,2024-01-24 14:57:05.465,11,{4a418613-8183-65af-d200-000000005a00},,,,,,,,,,,,,,,,,,,,,mbw10s81508,explorer.exe,,,,,lnk,c:\users,0,empty
313,2024-01-24 14:57:05.506,11,{4a418613-8183-65af-d200-000000005a00},,,,,,,,,,,,,,,,,,,,,mbw10s81508,explorer.exe,,,,,lnk,c:\users,0,empty
314,2024-01-24 14:57:41.638,11,{4a418613-8183-65af-d200-000000005a00},,,,,,,,,,,,,,,,,,,,,mbw10s81508,explorer.exe,,,,,lnk,c:\users,0,empty
315,2024-01-24 14:57:41.687,11,{4a418613-8183-65af-d200-000000005a00},,,,,,,,,,,,,,,,,,,,,mbw10s81508,explorer.exe,,,,,lnk,c:\users,0,empty
316,2024-01-24 14:58:10.976,11,{4a418613-8183-65af-d200-000000005a00},,,,,,,,,,,,,,,,,,,,,mbw10s81508,explorer.exe,,,,,lnk,c:\users,0,empty
317,2024-01-24 14:58:11.022,11,{4a418613-8183-65af-d200-000000005a00},,,,,,,,,,,,,,,,,,,,,mbw10s81508,explorer.exe,,,,,lnk,c:\users,0,empty
318,2024-01-24 15:04:34.418,11,{4a418613-8183-65af-d200-000000005a00},,,,,,,,,,,,,,,,,,,,,mbw10s81508,explorer.exe,,,,,lnk,c:\users,0,empty
319,2024-01-24 15:04:34.467,11,{4a418613-8183-65af-d200-000000005a00},,,,,,,,,,,,,,,,,,,,,mbw10s81508,explorer.exe,,,,,lnk,c:\users,0,empty
320,2024-01-24 15:05:07.006,11,{4a418613-8183-65af-d200-000000005a00},,,,,,,,,,,,,,,,,,,,,mbw10s81508,explorer.exe,,,,,lnk,c:\users,0,empty
321,2024-01-24 15:05:07.063,11,{4a418613-8183-65af-d200-000000005a00},,,,,,,,,,,,,,,,,,,,,mbw10s81508,explorer.exe,,,,,lnk,c:\users,0,empty
322,2024-01-24 15:30:35.765,11,{4a418613-8183-65af-d200-000000005a00},,,,,,,,,,,,,,,,,,,,,mbw10s81508,explorer.exe,,,,,lnk,c:\users,0,empty
323,2024-01-24 15:30:35.895,11,{4a418613-8183-65af-d200-000000005a00},,,,,,,,,,,,,,,,,,,,,mbw10s81508,explorer.exe,,,,,lnk,c:\users,0,empty
324,2024-01-25 07:44:40.898,11,{4a418613-8183-65af-d200-000000005a00},,,,,,,,,,,,,,,,,,,,,mbw10s81508,explorer.exe,,,,,lnk,c:\users,0,empty
325,2024-01-25 07:44:40.968,11,{4a418613-8183-65af-d200-000000005a00},,,,,,,,,,,,,,,,,,,,,mbw10s81508,explorer.exe,,,,,lnk,c:\users,0,empty
326,2024-01-25 07:44:42.348,11,{4a418613-8183-65af-d200-000000005a00},,,,,,,,,,,,,,,,,,,,,mbw10s81508,explorer.exe,,,,,lnk,c:\users,0,empty
327,2024-01-25 07:44:42.374,11,{4a418613-8183-65af-d200-000000005a00},,,,,,,,,,,,,,,,,,,,,mbw10s81508,explorer.exe,,,,,lnk,c:\users,0,empty
328,2024-01-26 10:58:23.625,11,{4a418613-8183-65af-d200-000000005a00},,,,,,,,,,,,,,,,,,,,,mbw10s81508,explorer.exe,,,,,lnk,c:\users,0,empty
329,2024-01-26 10:58:23.665,11,{4a418613-8183-65af-d200-000000005a00},,,,,,,,,,,,,,,,,,,,,mbw10s81508,explorer.exe,,,,,lnk,c:\users,0,empty
330,2024-01-26 11:14:25.606,11,{4a418613-8183-65af-d200-000000005a00},,,,,,,,,,,,,,,,,,,,,mbw10s81508,explorer.exe,,,,,lnk,c:\users,0,empty
331,2024-01-26 11:14:25.649,11,{4a418613-8183-65af-d200-000000005a00},,,,,,,,,,,,,,,,,,,,,mbw10s81508,explorer.exe,,,,,lnk,c:\users,0,empty
332,2024-01-26 11:29:22.385,11,{4a418613-8183-65af-d200-000000005a00},,,,,,,,,,,,,,,,,,,,,mbw10s81508,explorer.exe,,,,,lnk,c:\users,0,empty
333,2024-01-26 11:29:22.430,11,{4a418613-8183-65af-d200-000000005a00},,,,,,,,,,,,,,,,,,,,,mbw10s81508,explorer.exe,,,,,lnk,c:\users,0,empty
334,2024-01-26 12:02:56.458,11,{4a418613-8183-65af-d200-000000005a00},,,,,,,,,,,,,,,,,,,,,mbw10s81508,explorer.exe,,,,,lnk,c:\users,0,empty
335,2024-01-26 12:02:56.537,11,{4a418613-8183-65af-d200-000000005a00},,,,,,,,,,,,,,,,,,,,,mbw10s81508,explorer.exe,,,,,lnk,c:\users,0,empty
336,2024-01-26 12:06:33.845,11,{4a418613-8183-65af-d200-000000005a00},,,,,,,,,,,,,,,,,,,,,mbw10s81508,explorer.exe,,,,,lnk,c:\users,0,empty
337,2024-01-26 12:06:33.908,11,{4a418613-8183-65af-d200-000000005a00},,,,,,,,,,,,,,,,,,,,,mbw10s81508,explorer.exe,,,,,lnk,c:\users,0,empty
338,2024-01-28 21:44:48.424,1,{4a418613-cad0-65b6-3501-000000005b00},,,,,,,,,10.0.19041.3758 (winbuild.160101.0800),windows explorer,microsoft® windows® operating system,microsoft corporation,explorer.exe,c:\windows\explorer.exe,SYSTEMDIRECTORY,medium,c:\windows\system32\userinit.exe,,,,mbw10s81508,explorer.exe,userinit.exe,,,,empty,,0,empty
339,2024-01-28 21:49:58.042,13,{4a418613-cad0-65b6-3501-000000005b00},,,,,,,,,,,,,,,,,,,,,mbw10s81508,explorer.exe,,,,hku,empty,,0,empty
340,2024-01-28 21:51:29.931,1,{4a418613-cc61-65b6-c800-000000005c00},,,,,,,,,10.0.19041.3758 (winbuild.160101.0800),windows explorer,microsoft® windows® operating system,microsoft corporation,explorer.exe,c:\windows\explorer.exe,SYSTEMDIRECTORY,medium,c:\windows\system32\userinit.exe,,,,mbw10s81508,explorer.exe,userinit.exe,,,,empty,,0,empty
341,2024-01-28 21:51:33.887,7,{4a418613-cc61-65b6-c800-000000005c00},,,,,,,,,,,,,,,,,,True,microsoft corporation,valid,mbw10s81508,explorer.exe,,,,,empty,,1,c:\users
342,2024-01-28 21:56:37.414,13,{4a418613-cc61-65b6-c800-000000005c00},,,,,,,,,,,,,,,,,,,,,mbw10s81508,explorer.exe,,,,hku,empty,,0,empty
343,2024-01-29 14:53:38.199,7,{4a418613-cc61-65b6-c800-000000005c00},,,,,,,,,,,,,,,,,,True,microsoft windows,valid,mbw10s81508,explorer.exe,,,,,empty,,1,c:\windows\system32
344,2024-01-29 14:57:11.641,11,{4a418613-cc61-65b6-c800-000000005c00},,,,,,,,,,,,,,,,,,,,,mbw10s81508,explorer.exe,,,,,lnk,c:\users,0,empty
345,2024-01-29 14:57:11.918,11,{4a418613-cc61-65b6-c800-000000005c00},,,,,,,,,,,,,,,,,,,,,mbw10s81508,explorer.exe,,,,,lnk,c:\users,0,empty
346,2024-01-29 15:26:10.848,11,{4a418613-cc61-65b6-c800-000000005c00},,,,,,,,,,,,,,,,,,,,,mbw10s81508,explorer.exe,,,,,lnk,c:\users,0,empty
347,2024-01-29 15:26:10.977,11,{4a418613-cc61-65b6-c800-000000005c00},,,,,,,,,,,,,,,,,,,,,mbw10s81508,explorer.exe,,,,,lnk,c:\users,0,empty
348,2024-01-30 08:05:32.992,11,{4a418613-cc61-65b6-c800-000000005c00},,,,,,,,,,,,,,,,,,,,,mbw10s81508,explorer.exe,,,,,lnk,c:\users,0,empty
349,2024-01-30 08:05:33.160,11,{4a418613-cc61-65b6-c800-000000005c00},,,,,,,,,,,,,,,,,,,,,mbw10s81508,explorer.exe,,,,,lnk,c:\users,0,empty
350,2024-01-30 08:08:11.087,11,{4a418613-cc61-65b6-c800-000000005c00},,,,,,,,,,,,,,,,,,,,,mbw10s81508,explorer.exe,,,,,lnk,c:\users,0,empty
351,2024-01-30 08:08:11.254,11,{4a418613-cc61-65b6-c800-000000005c00},,,,,,,,,,,,,,,,,,,,,mbw10s81508,explorer.exe,,,,,lnk,c:\users,0,empty
352,2024-01-30 13:42:52.500,11,{4a418613-cc61-65b6-c800-000000005c00},,,,,,,,,,,,,,,,,,,,,mbw10s81508,explorer.exe,,,,,lnk,c:\users,0,empty
353,2024-01-30 13:42:52.646,11,{4a418613-cc61-65b6-c800-000000005c00},,,,,,,,,,,,,,,,,,,,,mbw10s81508,explorer.exe,,,,,lnk,c:\users,0,empty
354,2024-01-30 13:44:06.719,11,{4a418613-cc61-65b6-c800-000000005c00},,,,,,,,,,,,,,,,,,,,,mbw10s81508,explorer.exe,,,,,lnk,c:\users,0,empty
355,2024-01-30 13:44:06.767,11,{4a418613-cc61-65b6-c800-000000005c00},,,,,,,,,,,,,,,,,,,,,mbw10s81508,explorer.exe,,,,,lnk,c:\users,0,empty
356,2024-01-30 13:44:06.820,11,{4a418613-cc61-65b6-c800-000000005c00},,,,,,,,,,,,,,,,,,,,,mbw10s81508,explorer.exe,,,,,lnk,c:\users,0,empty
357,2024-01-30 13:44:30.898,11,{4a418613-cc61-65b6-c800-000000005c00},,,,,,,,,,,,,,,,,,,,,mbw10s81508,explorer.exe,,,,,lnk,c:\users,0,empty
358,2024-01-30 13:44:30.955,11,{4a418613-cc61-65b6-c800-000000005c00},,,,,,,,,,,,,,,,,,,,,mbw10s81508,explorer.exe,,,,,lnk,c:\users,0,empty
359,2024-02-01 06:01:44.970,11,{4a418613-cc61-65b6-c800-000000005c00},,,,,,,,,,,,,,,,,,,,,mbw10s81508,explorer.exe,,,,,lnk,c:\users,0,empty
360,2024-02-01 06:01:45.042,11,{4a418613-cc61-65b6-c800-000000005c00},,,,,,,,,,,,,,,,,,,,,mbw10s81508,explorer.exe,,,,,lnk,c:\users,0,empty
361,2024-02-01 06:02:33.836,11,{4a418613-cc61-65b6-c800-000000005c00},,,,,,,,,,,,,,,,,,,,,mbw10s81508,explorer.exe,,,,,lnk,c:\users,0,empty
362,2024-02-01 06:02:33.889,11,{4a418613-cc61-65b6-c800-000000005c00},,,,,,,,,,,,,,,,,,,,,mbw10s81508,explorer.exe,,,,,lnk,c:\users,0,empty
363,2024-02-01 06:04:30.439,11,{4a418613-cc61-65b6-c800-000000005c00},,,,,,,,,,,,,,,,,,,,,mbw10s81508,explorer.exe,,,,,lnk,c:\users,0,empty
364,2024-02-01 06:04:30.499,11,{4a418613-cc61-65b6-c800-000000005c00},,,,,,,,,,,,,,,,,,,,,mbw10s81508,explorer.exe,,,,,lnk,c:\users,0,empty
365,2024-02-01 06:05:34.842,11,{4a418613-cc61-65b6-c800-000000005c00},,,,,,,,,,,,,,,,,,,,,mbw10s81508,explorer.exe,,,,,lnk,c:\users,0,empty
366,2024-02-01 06:05:48.667,11,{4a418613-cc61-65b6-c800-000000005c00},,,,,,,,,,,,,,,,,,,,,mbw10s81508,explorer.exe,,,,,lnk,c:\users,0,empty
367,2024-02-01 06:05:48.733,11,{4a418613-cc61-65b6-c800-000000005c00},,,,,,,,,,,,,,,,,,,,,mbw10s81508,explorer.exe,,,,,lnk,c:\users,0,empty
368,2024-02-01 06:06:12.382,11,{4a418613-cc61-65b6-c800-000000005c00},,,,,,,,,,,,,,,,,,,,,mbw10s81508,explorer.exe,,,,,lnk,c:\users,0,empty
369,2024-02-01 06:06:28.031,11,{4a418613-cc61-65b6-c800-000000005c00},,,,,,,,,,,,,,,,,,,,,mbw10s81508,explorer.exe,,,,,lnk,c:\users,0,empty
370,2024-02-01 06:06:28.076,11,{4a418613-cc61-65b6-c800-000000005c00},,,,,,,,,,,,,,,,,,,,,mbw10s81508,explorer.exe,,,,,lnk,c:\users,0,empty
371,2024-02-01 06:06:45.322,11,{4a418613-cc61-65b6-c800-000000005c00},,,,,,,,,,,,,,,,,,,,,mbw10s81508,explorer.exe,,,,,lnk,c:\users,0,empty
372,2024-02-01 06:06:55.463,11,{4a418613-cc61-65b6-c800-000000005c00},,,,,,,,,,,,,,,,,,,,,mbw10s81508,explorer.exe,,,,,lnk,c:\users,0,empty
373,2024-02-01 06:06:55.518,11,{4a418613-cc61-65b6-c800-000000005c00},,,,,,,,,,,,,,,,,,,,,mbw10s81508,explorer.exe,,,,,lnk,c:\users,0,empty
374,2024-02-01 06:07:04.398,11,{4a418613-cc61-65b6-c800-000000005c00},,,,,,,,,,,,,,,,,,,,,mbw10s81508,explorer.exe,,,,,lnk,c:\users,0,empty
375,2024-02-01 06:08:05.719,11,{4a418613-cc61-65b6-c800-000000005c00},,,,,,,,,,,,,,,,,,,,,mbw10s81508,explorer.exe,,,,,lnk,c:\users,0,empty
376,2024-02-01 06:08:29.110,11,{4a418613-cc61-65b6-c800-000000005c00},,,,,,,,,,,,,,,,,,,,,mbw10s81508,explorer.exe,,,,,lnk,c:\users,0,empty
377,2024-02-01 06:09:04.466,11,{4a418613-cc61-65b6-c800-000000005c00},,,,,,,,,,,,,,,,,,,,,mbw10s81508,explorer.exe,,,,,lnk,c:\users,0,empty
378,2024-02-01 06:09:13.475,11,{4a418613-cc61-65b6-c800-000000005c00},,,,,,,,,,,,,,,,,,,,,mbw10s81508,explorer.exe,,,,,lnk,c:\users,0,empty
379,2024-02-01 06:09:26.499,11,{4a418613-cc61-65b6-c800-000000005c00},,,,,,,,,,,,,,,,,,,,,mbw10s81508,explorer.exe,,,,,lnk,c:\users,0,empty
380,2024-02-01 06:10:09.747,11,{4a418613-cc61-65b6-c800-000000005c00},,,,,,,,,,,,,,,,,,,,,mbw10s81508,explorer.exe,,,,,lnk,c:\users,0,empty
381,2024-02-01 06:10:15.601,11,{4a418613-cc61-65b6-c800-000000005c00},,,,,,,,,,,,,,,,,,,,,mbw10s81508,explorer.exe,,,,,lnk,c:\users,0,empty
382,2024-02-01 06:10:21.467,11,{4a418613-cc61-65b6-c800-000000005c00},,,,,,,,,,,,,,,,,,,,,mbw10s81508,explorer.exe,,,,,lnk,c:\users,0,empty
383,2024-02-01 06:12:55.656,11,{4a418613-cc61-65b6-c800-000000005c00},,,,,,,,,,,,,,,,,,,,,mbw10s81508,explorer.exe,,,,,lnk,c:\users,0,empty
384,2024-02-01 06:12:55.729,11,{4a418613-cc61-65b6-c800-000000005c00},,,,,,,,,,,,,,,,,,,,,mbw10s81508,explorer.exe,,,,,lnk,c:\users,0,empty
385,2024-02-01 06:13:07.442,11,{4a418613-cc61-65b6-c800-000000005c00},,,,,,,,,,,,,,,,,,,,,mbw10s81508,explorer.exe,,,,,lnk,c:\users,0,empty
386,2024-02-01 06:13:15.668,11,{4a418613-cc61-65b6-c800-000000005c00},,,,,,,,,,,,,,,,,,,,,mbw10s81508,explorer.exe,,,,,lnk,c:\users,0,empty
387,2024-02-01 06:13:15.700,11,{4a418613-cc61-65b6-c800-000000005c00},,,,,,,,,,,,,,,,,,,,,mbw10s81508,explorer.exe,,,,,lnk,c:\users,0,empty
388,2024-02-01 06:13:51.718,11,{4a418613-cc61-65b6-c800-000000005c00},,,,,,,,,,,,,,,,,,,,,mbw10s81508,explorer.exe,,,,,lnk,c:\users,0,empty
389,2024-01-18 20:34:17.227,13,{b8a4627a-8a16-65a9-d100-00000000ac00},,,,,,,,,,,,,,,,,,,,,mbw11s80913,explorer.exe,,,,hku,empty,,0,empty
390,2024-01-19 08:32:24.689,11,{b8a4627a-8a16-65a9-d100-00000000ac00},,,,,,,,,,,,,,,,,,,,,mbw11s80913,explorer.exe,,,,,lnk,c:\users,0,empty
391,2024-01-19 08:32:25.066,11,{b8a4627a-8a16-65a9-d100-00000000ac00},,,,,,,,,,,,,,,,,,,,,mbw11s80913,explorer.exe,,,,,lnk,c:\users,0,empty
392,2024-01-19 08:32:25.081,11,{b8a4627a-8a16-65a9-d100-00000000ac00},,,,,,,,,,,,,,,,,,,,,mbw11s80913,explorer.exe,,,,,lnk,c:\users,0,empty
393,2024-01-20 13:45:27.109,1,{b8a4627a-ce77-65ab-c308-00000000ac00},,,,,,,,,10.0.22621.3007 (winbuild.160101.0800),windows explorer,microsoft® windows® operating system,microsoft corporation,explorer.exe,c:\windows\explorer.exe,SYSTEMDIRECTORY,medium,c:\windows\system32\userinit.exe,,,,mbw11s80913,explorer.exe,userinit.exe,,,,empty,,0,empty
394,2024-01-20 13:45:37.177,7,{b8a4627a-ce77-65ab-c308-00000000ac00},,,,,,,,,,,,,,,,,,True,microsoft corporation,valid,mbw11s80913,explorer.exe,,,,,empty,,1,c:\users
395,2024-01-20 13:45:41.919,13,{b8a4627a-ce77-65ab-c308-00000000ac00},,,,,,,,,,,,,,,,,,,,,mbw11s80913,explorer.exe,,,,hku,empty,,0,empty
396,2024-01-20 13:47:49.956,13,{b8a4627a-ce77-65ab-c308-00000000ac00},,,,,,,,,,,,,,,,,,,,,mbw11s80913,explorer.exe,,,,hku,empty,,0,empty
397,2024-01-20 17:06:28.015,1,{b8a4627a-fd94-65ab-d409-00000000ac00},,,,,,,,,10.0.22621.3007 (winbuild.160101.0800),windows explorer,microsoft® windows® operating system,microsoft corporation,explorer.exe,c:\windows\explorer.exe,SYSTEMDIRECTORY,medium,c:\windows\system32\userinit.exe,,,,mbw11s80913,explorer.exe,userinit.exe,,,,empty,,0,empty
398,2024-01-20 17:06:32.208,7,{b8a4627a-fd94-65ab-d409-00000000ac00},,,,,,,,,,,,,,,,,,True,microsoft corporation,valid,mbw11s80913,explorer.exe,,,,,empty,,1,c:\users
399,2024-01-20 17:06:37.108,13,{b8a4627a-fd94-65ab-d409-00000000ac00},,,,,,,,,,,,,,,,,,,,,mbw11s80913,explorer.exe,,,,hku,empty,,0,empty
400,2024-01-20 17:07:28.704,13,{b8a4627a-fd94-65ab-d409-00000000ac00},,,,,,,,,,,,,,,,,,,,,mbw11s80913,explorer.exe,,,,hku,empty,,0,empty
401,2024-01-20 17:10:05.347,13,{b8a4627a-fd94-65ab-d409-00000000ac00},,,,,,,,,,,,,,,,,,,,,mbw11s80913,explorer.exe,,,,hku,empty,,0,empty
402,2024-01-20 17:11:35.760,13,{b8a4627a-fd94-65ab-d409-00000000ac00},,,,,,,,,,,,,,,,,,,,,mbw11s80913,explorer.exe,,,,hku,empty,,0,empty
403,2024-01-21 16:43:09.696,1,{b8a4627a-499d-65ad-d200-00000000ad00},,,,,,,,,10.0.22621.3007 (winbuild.160101.0800),windows explorer,microsoft® windows® operating system,microsoft corporation,explorer.exe,c:\windows\explorer.exe,SYSTEMDIRECTORY,medium,c:\windows\system32\userinit.exe,,,,mbw11s80913,explorer.exe,userinit.exe,,,,empty,,0,empty
404,2024-01-21 16:43:13.399,7,{b8a4627a-499d-65ad-d200-00000000ad00},,,,,,,,,,,,,,,,,,True,microsoft corporation,valid,mbw11s80913,explorer.exe,,,,,empty,,1,c:\users
405,2024-01-21 16:43:22.121,13,{b8a4627a-499d-65ad-d200-00000000ad00},,,,,,,,,,,,,,,,,,,,,mbw11s80913,explorer.exe,,,,hku,empty,,0,empty
406,2024-01-21 16:45:37.937,13,{b8a4627a-499d-65ad-d200-00000000ad00},,,,,,,,,,,,,,,,,,,,,mbw11s80913,explorer.exe,,,,hku,empty,,0,empty
407,2024-01-21 16:45:52.773,13,{b8a4627a-499d-65ad-d200-00000000ad00},,,,,,,,,,,,,,,,,,,,,mbw11s80913,explorer.exe,,,,hku,empty,,0,empty
408,2024-01-21 16:48:20.260,13,{b8a4627a-499d-65ad-d200-00000000ad00},,,,,,,,,,,,,,,,,,,,,mbw11s80913,explorer.exe,,,,hku,empty,,0,empty
409,2024-01-21 16:48:20.260,13,{b8a4627a-499d-65ad-d200-00000000ad00},,,,,,,,,,,,,,,,,,,,,mbw11s80913,explorer.exe,,,,hku,empty,,0,empty
410,2024-01-21 21:12:11.117,13,{b8a4627a-499d-65ad-d200-00000000ad00},,,,,,,,,,,,,,,,,,,,,mbw11s80913,explorer.exe,,,,hku,empty,,0,empty
411,2024-01-21 21:12:11.117,13,{b8a4627a-499d-65ad-d200-00000000ad00},,,,,,,,,,,,,,,,,,,,,mbw11s80913,explorer.exe,,,,hku,empty,,0,empty
412,2024-01-22 06:03:27.321,1,{b8a4627a-052f-65ae-0506-00000000ad00},,,,,,,,,10.0.22621.3007 (winbuild.160101.0800),windows explorer,microsoft® windows® operating system,microsoft corporation,explorer.exe,c:\windows\explorer.exe,SYSTEMDIRECTORY,medium,c:\windows\system32\userinit.exe,,,,mbw11s80913,explorer.exe,userinit.exe,,,,empty,,0,empty
413,2024-01-22 06:03:27.321,1,{b8a4627a-052f-65ae-0506-00000000ad00},,,,,,,,,10.0.22621.3007 (winbuild.160101.0800),windows explorer,microsoft® windows® operating system,microsoft corporation,explorer.exe,c:\windows\explorer.exe,SYSTEMDIRECTORY,medium,c:\windows\system32\userinit.exe,,,,mbw11s80913,explorer.exe,userinit.exe,,,,empty,,0,empty
414,2024-01-22 06:03:29.912,7,{b8a4627a-052f-65ae-0506-00000000ad00},,,,,,,,,,,,,,,,,,True,microsoft corporation,valid,mbw11s80913,explorer.exe,,,,,empty,,1,c:\users
415,2024-01-22 06:03:29.912,7,{b8a4627a-052f-65ae-0506-00000000ad00},,,,,,,,,,,,,,,,,,True,microsoft corporation,valid,mbw11s80913,explorer.exe,,,,,empty,,1,c:\users
416,2024-01-22 06:03:33.753,13,{b8a4627a-052f-65ae-0506-00000000ad00},,,,,,,,,,,,,,,,,,,,,mbw11s80913,explorer.exe,,,,hku,empty,,0,empty
417,2024-01-22 06:03:33.753,13,{b8a4627a-052f-65ae-0506-00000000ad00},,,,,,,,,,,,,,,,,,,,,mbw11s80913,explorer.exe,,,,hku,empty,,0,empty
418,2024-01-22 06:04:25.335,13,{b8a4627a-052f-65ae-0506-00000000ad00},,,,,,,,,,,,,,,,,,,,,mbw11s80913,explorer.exe,,,,hku,empty,,0,empty
419,2024-01-22 06:04:25.335,13,{b8a4627a-052f-65ae-0506-00000000ad00},,,,,,,,,,,,,,,,,,,,,mbw11s80913,explorer.exe,,,,hku,empty,,0,empty
420,2024-01-22 06:04:40.356,13,{b8a4627a-052f-65ae-0506-00000000ad00},,,,,,,,,,,,,,,,,,,,,mbw11s80913,explorer.exe,,,,hku,empty,,0,empty
421,2024-01-22 06:04:40.356,13,{b8a4627a-052f-65ae-0506-00000000ad00},,,,,,,,,,,,,,,,,,,,,mbw11s80913,explorer.exe,,,,hku,empty,,0,empty
422,2024-01-22 06:08:33.669,13,{b8a4627a-052f-65ae-0506-00000000ad00},,,,,,,,,,,,,,,,,,,,,mbw11s80913,explorer.exe,,,,hku,empty,,0,empty
423,2024-01-22 06:08:33.669,13,{b8a4627a-052f-65ae-0506-00000000ad00},,,,,,,,,,,,,,,,,,,,,mbw11s80913,explorer.exe,,,,hku,empty,,0,empty
424,2024-01-22 09:14:53.616,1,{b8a4627a-320d-65ae-c700-00000000ae00},,,,,,,,,10.0.22621.3007 (winbuild.160101.0800),windows explorer,microsoft® windows® operating system,microsoft corporation,explorer.exe,c:\windows\explorer.exe,SYSTEMDIRECTORY,medium,c:\windows\system32\userinit.exe,,,,mbw11s80913,explorer.exe,userinit.exe,,,,empty,,0,empty
425,2024-01-22 09:15:04.024,7,{b8a4627a-320d-65ae-c700-00000000ae00},,,,,,,,,,,,,,,,,,True,microsoft corporation,valid,mbw11s80913,explorer.exe,,,,,empty,,1,c:\users
426,2024-01-22 09:15:13.214,13,{b8a4627a-320d-65ae-c700-00000000ae00},,,,,,,,,,,,,,,,,,,,,mbw11s80913,explorer.exe,,,,hku,empty,,0,empty
427,2024-01-22 09:17:45.868,13,{b8a4627a-320d-65ae-c700-00000000ae00},,,,,,,,,,,,,,,,,,,,,mbw11s80913,explorer.exe,,,,hku,empty,,0,empty
428,2024-01-22 09:18:15.329,13,{b8a4627a-320d-65ae-c700-00000000ae00},,,,,,,,,,,,,,,,,,,,,mbw11s80913,explorer.exe,,,,hku,empty,,0,empty
429,2024-01-22 09:20:11.259,13,{b8a4627a-320d-65ae-c700-00000000ae00},,,,,,,,,,,,,,,,,,,,,mbw11s80913,explorer.exe,,,,hku,empty,,0,empty
430,2024-01-22 09:20:11.259,13,{b8a4627a-320d-65ae-c700-00000000ae00},,,,,,,,,,,,,,,,,,,,,mbw11s80913,explorer.exe,,,,hku,empty,,0,empty
431,2024-01-22 20:26:24.242,1,{b8a4627a-cf70-65ae-dc00-00000000af00},,,,,,,,,10.0.22621.3007 (winbuild.160101.0800),windows explorer,microsoft® windows® operating system,microsoft corporation,explorer.exe,c:\windows\explorer.exe,SYSTEMDIRECTORY,medium,c:\windows\system32\userinit.exe,,,,mbw11s80913,explorer.exe,userinit.exe,,,,empty,,0,empty
432,2024-01-22 20:26:27.146,7,{b8a4627a-cf70-65ae-dc00-00000000af00},,,,,,,,,,,,,,,,,,True,microsoft corporation,valid,mbw11s80913,explorer.exe,,,,,empty,,1,c:\users
433,2024-01-22 20:26:32.104,13,{b8a4627a-cf70-65ae-dc00-00000000af00},,,,,,,,,,,,,,,,,,,,,mbw11s80913,explorer.exe,,,,hku,empty,,0,empty
434,2024-01-22 20:27:25.130,13,{b8a4627a-cf70-65ae-dc00-00000000af00},,,,,,,,,,,,,,,,,,,,,mbw11s80913,explorer.exe,,,,hku,empty,,0,empty
435,2024-01-22 20:27:25.130,13,{b8a4627a-cf70-65ae-dc00-00000000af00},,,,,,,,,,,,,,,,,,,,,mbw11s80913,explorer.exe,,,,hku,empty,,0,empty
436,2024-01-22 20:27:34.553,13,{b8a4627a-cf70-65ae-dc00-00000000af00},,,,,,,,,,,,,,,,,,,,,mbw11s80913,explorer.exe,,,,hku,empty,,0,empty
437,2024-01-22 20:27:34.553,13,{b8a4627a-cf70-65ae-dc00-00000000af00},,,,,,,,,,,,,,,,,,,,,mbw11s80913,explorer.exe,,,,hku,empty,,0,empty
438,2024-01-22 20:31:31.003,13,{b8a4627a-cf70-65ae-dc00-00000000af00},,,,,,,,,,,,,,,,,,,,,mbw11s80913,explorer.exe,,,,hku,empty,,0,empty
439,2024-01-22 20:31:31.003,13,{b8a4627a-cf70-65ae-dc00-00000000af00},,,,,,,,,,,,,,,,,,,,,mbw11s80913,explorer.exe,,,,hku,empty,,0,empty
440,2024-01-23 07:51:22.229,1,{b8a4627a-6ffa-65af-e004-00000000af00},,,,,,,,,10.0.22621.3007 (winbuild.160101.0800),windows explorer,microsoft® windows® operating system,microsoft corporation,explorer.exe,c:\windows\explorer.exe,SYSTEMDIRECTORY,medium,c:\windows\system32\userinit.exe,,,,mbw11s80913,explorer.exe,userinit.exe,,,,empty,,0,empty
441,2024-01-23 07:51:22.229,1,{b8a4627a-6ffa-65af-e004-00000000af00},,,,,,,,,10.0.22621.3007 (winbuild.160101.0800),windows explorer,microsoft® windows® operating system,microsoft corporation,explorer.exe,c:\windows\explorer.exe,SYSTEMDIRECTORY,medium,c:\windows\system32\userinit.exe,,,,mbw11s80913,explorer.exe,userinit.exe,,,,empty,,0,empty
442,2024-01-23 07:51:25.636,7,{b8a4627a-6ffa-65af-e004-00000000af00},,,,,,,,,,,,,,,,,,True,microsoft corporation,valid,mbw11s80913,explorer.exe,,,,,empty,,1,c:\users
443,2024-01-23 07:51:25.636,7,{b8a4627a-6ffa-65af-e004-00000000af00},,,,,,,,,,,,,,,,,,True,microsoft corporation,valid,mbw11s80913,explorer.exe,,,,,empty,,1,c:\users
444,2024-01-23 07:51:29.327,11,{b8a4627a-6ffa-65af-e004-00000000af00},,,,,,,,,,,,,,,,,,,,,mbw11s80913,explorer.exe,,,,,lnk,c:\users,0,empty
445,2024-01-23 07:51:29.327,11,{b8a4627a-6ffa-65af-e004-00000000af00},,,,,,,,,,,,,,,,,,,,,mbw11s80913,explorer.exe,,,,,lnk,c:\users,0,empty
446,2024-01-23 07:51:29.978,11,{b8a4627a-6ffa-65af-e004-00000000af00},,,,,,,,,,,,,,,,,,,,,mbw11s80913,explorer.exe,,,,,lnk,c:\users,0,empty
447,2024-01-23 07:51:29.978,11,{b8a4627a-6ffa-65af-e004-00000000af00},,,,,,,,,,,,,,,,,,,,,mbw11s80913,explorer.exe,,,,,lnk,c:\users,0,empty
448,2024-01-23 07:51:29.990,11,{b8a4627a-6ffa-65af-e004-00000000af00},,,,,,,,,,,,,,,,,,,,,mbw11s80913,explorer.exe,,,,,lnk,c:\users,0,empty
449,2024-01-23 07:51:29.990,11,{b8a4627a-6ffa-65af-e004-00000000af00},,,,,,,,,,,,,,,,,,,,,mbw11s80913,explorer.exe,,,,,lnk,c:\users,0,empty
450,2024-01-23 07:51:32.883,13,{b8a4627a-6ffa-65af-e004-00000000af00},,,,,,,,,,,,,,,,,,,,,mbw11s80913,explorer.exe,,,,hku,empty,,0,empty
451,2024-01-23 07:51:32.883,13,{b8a4627a-6ffa-65af-e004-00000000af00},,,,,,,,,,,,,,,,,,,,,mbw11s80913,explorer.exe,,,,hku,empty,,0,empty
452,2024-01-23 07:53:35.070,13,{b8a4627a-6ffa-65af-e004-00000000af00},,,,,,,,,,,,,,,,,,,,,mbw11s80913,explorer.exe,,,,hku,empty,,0,empty
453,2024-01-23 07:53:35.070,13,{b8a4627a-6ffa-65af-e004-00000000af00},,,,,,,,,,,,,,,,,,,,,mbw11s80913,explorer.exe,,,,hku,empty,,0,empty
454,2024-01-23 07:54:17.134,13,{b8a4627a-6ffa-65af-e004-00000000af00},,,,,,,,,,,,,,,,,,,,,mbw11s80913,explorer.exe,,,,hku,empty,,0,empty
455,2024-01-23 07:54:17.134,13,{b8a4627a-6ffa-65af-e004-00000000af00},,,,,,,,,,,,,,,,,,,,,mbw11s80913,explorer.exe,,,,hku,empty,,0,empty
456,2024-01-23 07:55:27.214,13,{b8a4627a-6ffa-65af-e004-00000000af00},,,,,,,,,,,,,,,,,,,,,mbw11s80913,explorer.exe,,,,hku,empty,,0,empty
457,2024-01-23 07:55:27.214,13,{b8a4627a-6ffa-65af-e004-00000000af00},,,,,,,,,,,,,,,,,,,,,mbw11s80913,explorer.exe,,,,hku,empty,,0,empty
458,2024-01-23 07:56:18.326,13,{b8a4627a-6ffa-65af-e004-00000000af00},,,,,,,,,,,,,,,,,,,,,mbw11s80913,explorer.exe,,,,hku,empty,,0,empty
459,2024-01-23 07:56:18.326,13,{b8a4627a-6ffa-65af-e004-00000000af00},,,,,,,,,,,,,,,,,,,,,mbw11s80913,explorer.exe,,,,hku,empty,,0,empty
460,2024-01-23 07:56:32.467,13,{b8a4627a-6ffa-65af-e004-00000000af00},,,,,,,,,,,,,,,,,,,,,mbw11s80913,explorer.exe,,,,hku,empty,,0,empty
461,2024-01-23 07:56:32.467,13,{b8a4627a-6ffa-65af-e004-00000000af00},,,,,,,,,,,,,,,,,,,,,mbw11s80913,explorer.exe,,,,hku,empty,,0,empty
462,2024-01-23 08:57:21.878,13,{b8a4627a-6ffa-65af-e004-00000000af00},,,,,,,,,,,,,,,,,,,,,mbw11s80913,explorer.exe,,,,hku,empty,,0,empty
463,2024-01-23 08:57:21.878,13,{b8a4627a-6ffa-65af-e004-00000000af00},,,,,,,,,,,,,,,,,,,,,mbw11s80913,explorer.exe,,,,hku,empty,,0,empty
464,2024-01-23 09:46:20.403,11,{b8a4627a-6ffa-65af-e004-00000000af00},,,,,,,,,,,,,,,,,,,,,mbw11s80913,explorer.exe,,,,,lnk,c:\users,0,empty
465,2024-01-23 09:46:20.403,11,{b8a4627a-6ffa-65af-e004-00000000af00},,,,,,,,,,,,,,,,,,,,,mbw11s80913,explorer.exe,,,,,lnk,c:\users,0,empty
466,2024-01-23 09:46:20.481,11,{b8a4627a-6ffa-65af-e004-00000000af00},,,,,,,,,,,,,,,,,,,,,mbw11s80913,explorer.exe,,,,,lnk,c:\users,0,empty
467,2024-01-23 09:46:20.481,11,{b8a4627a-6ffa-65af-e004-00000000af00},,,,,,,,,,,,,,,,,,,,,mbw11s80913,explorer.exe,,,,,lnk,c:\users,0,empty
468,2024-01-23 11:26:45.991,13,{b8a4627a-6ffa-65af-e004-00000000af00},,,,,,,,,,,,,,,,,,,,,mbw11s80913,explorer.exe,,,,hku,empty,,0,empty
469,2024-01-23 11:26:45.991,13,{b8a4627a-6ffa-65af-e004-00000000af00},,,,,,,,,,,,,,,,,,,,,mbw11s80913,explorer.exe,,,,hku,empty,,0,empty
470,2024-01-23 13:24:44.217,1,{b8a4627a-be1c-65af-d200-00000000b000},,,,,,,,,10.0.22621.3007 (winbuild.160101.0800),windows explorer,microsoft® windows® operating system,microsoft corporation,explorer.exe,c:\windows\explorer.exe,SYSTEMDIRECTORY,medium,c:\windows\system32\userinit.exe,,,,mbw11s80913,explorer.exe,userinit.exe,,,,empty,,0,empty
471,2024-01-23 13:24:51.237,7,{b8a4627a-be1c-65af-d200-00000000b000},,,,,,,,,,,,,,,,,,True,microsoft corporation,valid,mbw11s80913,explorer.exe,,,,,empty,,1,c:\users
472,2024-01-23 13:24:56.146,13,{b8a4627a-be1c-65af-d200-00000000b000},,,,,,,,,,,,,,,,,,,,,mbw11s80913,explorer.exe,,,,hku,empty,,0,empty
473,2024-01-23 13:26:20.632,13,{b8a4627a-be1c-65af-d200-00000000b000},,,,,,,,,,,,,,,,,,,,,mbw11s80913,explorer.exe,,,,hku,empty,,0,empty
474,2024-01-23 13:26:44.185,13,{b8a4627a-be1c-65af-d200-00000000b000},,,,,,,,,,,,,,,,,,,,,mbw11s80913,explorer.exe,,,,hku,empty,,0,empty
475,2024-01-23 13:26:54.107,13,{b8a4627a-be1c-65af-d200-00000000b000},,,,,,,,,,,,,,,,,,,,,mbw11s80913,explorer.exe,,,,hku,empty,,0,empty
476,2024-01-23 13:29:56.021,13,{b8a4627a-be1c-65af-d200-00000000b000},,,,,,,,,,,,,,,,,,,,,mbw11s80913,explorer.exe,,,,hku,empty,,0,empty
477,2024-01-23 13:29:56.021,13,{b8a4627a-be1c-65af-d200-00000000b000},,,,,,,,,,,,,,,,,,,,,mbw11s80913,explorer.exe,,,,hku,empty,,0,empty
478,2024-01-23 16:37:08.545,13,{b8a4627a-be1c-65af-d200-00000000b000},,,,,,,,,,,,,,,,,,,,,mbw11s80913,explorer.exe,,,,hku,empty,,0,empty
479,2024-01-23 16:37:08.545,13,{b8a4627a-be1c-65af-d200-00000000b000},,,,,,,,,,,,,,,,,,,,,mbw11s80913,explorer.exe,,,,hku,empty,,0,empty
480,2024-01-23 16:37:33.532,13,{b8a4627a-be1c-65af-d200-00000000b000},,,,,,,,,,,,,,,,,,,,,mbw11s80913,explorer.exe,,,,hku,empty,,0,empty
481,2024-01-23 16:37:33.532,13,{b8a4627a-be1c-65af-d200-00000000b000},,,,,,,,,,,,,,,,,,,,,mbw11s80913,explorer.exe,,,,hku,empty,,0,empty
482,2024-01-23 16:38:13.409,13,{b8a4627a-be1c-65af-d200-00000000b000},,,,,,,,,,,,,,,,,,,,,mbw11s80913,explorer.exe,,,,hku,empty,,0,empty
483,2024-01-23 16:38:13.409,13,{b8a4627a-be1c-65af-d200-00000000b000},,,,,,,,,,,,,,,,,,,,,mbw11s80913,explorer.exe,,,,hku,empty,,0,empty
484,2024-01-23 16:43:04.168,11,{b8a4627a-be1c-65af-d200-00000000b000},,,,,,,,,,,,,,,,,,,,,mbw11s80913,explorer.exe,,,,,lnk,c:\users,0,empty
485,2024-01-23 16:43:04.168,11,{b8a4627a-be1c-65af-d200-00000000b000},,,,,,,,,,,,,,,,,,,,,mbw11s80913,explorer.exe,,,,,lnk,c:\users,0,empty
486,2024-01-23 16:43:04.212,11,{b8a4627a-be1c-65af-d200-00000000b000},,,,,,,,,,,,,,,,,,,,,mbw11s80913,explorer.exe,,,,,lnk,c:\users,0,empty
487,2024-01-23 16:43:04.212,11,{b8a4627a-be1c-65af-d200-00000000b000},,,,,,,,,,,,,,,,,,,,,mbw11s80913,explorer.exe,,,,,lnk,c:\users,0,empty
488,2024-01-23 16:44:11.510,11,{b8a4627a-be1c-65af-d200-00000000b000},,,,,,,,,,,,,,,,,,,,,mbw11s80913,explorer.exe,,,,,lnk,c:\users,0,empty
489,2024-01-23 16:44:11.510,11,{b8a4627a-be1c-65af-d200-00000000b000},,,,,,,,,,,,,,,,,,,,,mbw11s80913,explorer.exe,,,,,lnk,c:\users,0,empty
490,2024-01-23 16:44:11.571,11,{b8a4627a-be1c-65af-d200-00000000b000},,,,,,,,,,,,,,,,,,,,,mbw11s80913,explorer.exe,,,,,lnk,c:\users,0,empty
491,2024-01-23 16:44:11.571,11,{b8a4627a-be1c-65af-d200-00000000b000},,,,,,,,,,,,,,,,,,,,,mbw11s80913,explorer.exe,,,,,lnk,c:\users,0,empty
492,2024-01-23 16:51:13.327,11,{b8a4627a-be1c-65af-d200-00000000b000},,,,,,,,,,,,,,,,,,,,,mbw11s80913,explorer.exe,,,,,lnk,c:\users,0,empty
493,2024-01-23 16:51:13.327,11,{b8a4627a-be1c-65af-d200-00000000b000},,,,,,,,,,,,,,,,,,,,,mbw11s80913,explorer.exe,,,,,lnk,c:\users,0,empty
494,2024-01-23 16:51:13.405,11,{b8a4627a-be1c-65af-d200-00000000b000},,,,,,,,,,,,,,,,,,,,,mbw11s80913,explorer.exe,,,,,lnk,c:\users,0,empty
495,2024-01-23 16:51:13.405,11,{b8a4627a-be1c-65af-d200-00000000b000},,,,,,,,,,,,,,,,,,,,,mbw11s80913,explorer.exe,,,,,lnk,c:\users,0,empty
496,2024-01-23 16:51:25.358,13,{b8a4627a-be1c-65af-d200-00000000b000},,,,,,,,,,,,,,,,,,,,,mbw11s80913,explorer.exe,,,,hku,empty,,0,empty
497,2024-01-23 16:51:25.358,13,{b8a4627a-be1c-65af-d200-00000000b000},,,,,,,,,,,,,,,,,,,,,mbw11s80913,explorer.exe,,,,hku,empty,,0,empty
498,2024-01-24 09:25:42.288,1,{b8a4627a-d796-65b0-4c0b-00000000b000},,,,,,,,,10.0.22621.3007 (winbuild.160101.0800),windows explorer,microsoft® windows® operating system,microsoft corporation,explorer.exe,c:\windows\explorer.exe,SYSTEMDIRECTORY,medium,c:\windows\system32\userinit.exe,,,,mbw11s80913,explorer.exe,userinit.exe,,,,empty,,0,empty
499,2024-01-24 09:25:42.288,1,{b8a4627a-d796-65b0-4c0b-00000000b000},,,,,,,,,10.0.22621.3007 (winbuild.160101.0800),windows explorer,microsoft® windows® operating system,microsoft corporation,explorer.exe,c:\windows\explorer.exe,SYSTEMDIRECTORY,medium,c:\windows\system32\userinit.exe,,,,mbw11s80913,explorer.exe,userinit.exe,,,,empty,,0,empty
500,2024-01-24 09:25:44.573,7,{b8a4627a-d796-65b0-4c0b-00000000b000},,,,,,,,,,,,,,,,,,True,microsoft corporation,valid,mbw11s80913,explorer.exe,,,,,empty,,1,c:\users
501,2024-01-24 09:25:44.573,7,{b8a4627a-d796-65b0-4c0b-00000000b000},,,,,,,,,,,,,,,,,,True,microsoft corporation,valid,mbw11s80913,explorer.exe,,,,,empty,,1,c:\users
502,2024-01-24 09:25:47.701,13,{b8a4627a-d796-65b0-4c0b-00000000b000},,,,,,,,,,,,,,,,,,,,,mbw11s80913,explorer.exe,,,,hku,empty,,0,empty
503,2024-01-24 09:25:47.701,13,{b8a4627a-d796-65b0-4c0b-00000000b000},,,,,,,,,,,,,,,,,,,,,mbw11s80913,explorer.exe,,,,hku,empty,,0,empty
504,2024-01-24 09:26:31.229,13,{b8a4627a-d796-65b0-4c0b-00000000b000},,,,,,,,,,,,,,,,,,,,,mbw11s80913,explorer.exe,,,,hku,empty,,0,empty
505,2024-01-24 09:26:31.229,13,{b8a4627a-d796-65b0-4c0b-00000000b000},,,,,,,,,,,,,,,,,,,,,mbw11s80913,explorer.exe,,,,hku,empty,,0,empty
506,2024-01-24 09:26:46.438,13,{b8a4627a-d796-65b0-4c0b-00000000b000},,,,,,,,,,,,,,,,,,,,,mbw11s80913,explorer.exe,,,,hku,empty,,0,empty
507,2024-01-24 09:26:46.438,13,{b8a4627a-d796-65b0-4c0b-00000000b000},,,,,,,,,,,,,,,,,,,,,mbw11s80913,explorer.exe,,,,hku,empty,,0,empty
508,2024-01-24 09:30:47.589,13,{b8a4627a-d796-65b0-4c0b-00000000b000},,,,,,,,,,,,,,,,,,,,,mbw11s80913,explorer.exe,,,,hku,empty,,0,empty
509,2024-01-24 09:30:47.589,13,{b8a4627a-d796-65b0-4c0b-00000000b000},,,,,,,,,,,,,,,,,,,,,mbw11s80913,explorer.exe,,,,hku,empty,,0,empty
510,2024-01-24 15:23:45.951,7,{b8a4627a-d796-65b0-4c0b-00000000b000},,,,,,,,,,,,,,,,,,True,microsoft windows,valid,mbw11s80913,explorer.exe,,,,,empty,,1,c:\windows\system32
511,2024-01-24 15:23:45.951,7,{b8a4627a-d796-65b0-4c0b-00000000b000},,,,,,,,,,,,,,,,,,True,microsoft windows,valid,mbw11s80913,explorer.exe,,,,,empty,,1,c:\windows\system32
512,2024-01-24 17:57:43.818,1,{b8a4627a-4f97-65b1-dd0f-00000000b000},,,,,,,,,10.0.22621.3007 (winbuild.160101.0800),windows explorer,microsoft® windows® operating system,microsoft corporation,explorer.exe,c:\windows\explorer.exe,SYSTEMDIRECTORY,medium,c:\windows\system32\userinit.exe,,,,mbw11s80913,explorer.exe,userinit.exe,,,,empty,,0,empty
513,2024-01-24 17:57:43.818,1,{b8a4627a-4f97-65b1-dd0f-00000000b000},,,,,,,,,10.0.22621.3007 (winbuild.160101.0800),windows explorer,microsoft® windows® operating system,microsoft corporation,explorer.exe,c:\windows\explorer.exe,SYSTEMDIRECTORY,medium,c:\windows\system32\userinit.exe,,,,mbw11s80913,explorer.exe,userinit.exe,,,,empty,,0,empty
514,2024-01-24 17:57:46.040,7,{b8a4627a-4f97-65b1-dd0f-00000000b000},,,,,,,,,,,,,,,,,,True,microsoft corporation,valid,mbw11s80913,explorer.exe,,,,,empty,,1,c:\users
515,2024-01-24 17:57:46.040,7,{b8a4627a-4f97-65b1-dd0f-00000000b000},,,,,,,,,,,,,,,,,,True,microsoft corporation,valid,mbw11s80913,explorer.exe,,,,,empty,,1,c:\users
516,2024-01-24 17:57:51.137,13,{b8a4627a-4f97-65b1-dd0f-00000000b000},,,,,,,,,,,,,,,,,,,,,mbw11s80913,explorer.exe,,,,hku,empty,,0,empty
517,2024-01-24 17:57:51.137,13,{b8a4627a-4f97-65b1-dd0f-00000000b000},,,,,,,,,,,,,,,,,,,,,mbw11s80913,explorer.exe,,,,hku,empty,,0,empty
518,2024-01-24 17:58:28.273,13,{b8a4627a-4f97-65b1-dd0f-00000000b000},,,,,,,,,,,,,,,,,,,,,mbw11s80913,explorer.exe,,,,hku,empty,,0,empty
519,2024-01-24 17:58:28.273,13,{b8a4627a-4f97-65b1-dd0f-00000000b000},,,,,,,,,,,,,,,,,,,,,mbw11s80913,explorer.exe,,,,hku,empty,,0,empty
520,2024-01-24 19:30:47.029,13,{b8a4627a-4f97-65b1-dd0f-00000000b000},,,,,,,,,,,,,,,,,,,,,mbw11s80913,explorer.exe,,,,hku,empty,,0,empty
521,2024-01-24 19:30:47.029,13,{b8a4627a-4f97-65b1-dd0f-00000000b000},,,,,,,,,,,,,,,,,,,,,mbw11s80913,explorer.exe,,,,hku,empty,,0,empty
522,2024-01-24 19:31:07.551,13,{b8a4627a-4f97-65b1-dd0f-00000000b000},,,,,,,,,,,,,,,,,,,,,mbw11s80913,explorer.exe,,,,hku,empty,,0,empty
523,2024-01-24 19:31:07.551,13,{b8a4627a-4f97-65b1-dd0f-00000000b000},,,,,,,,,,,,,,,,,,,,,mbw11s80913,explorer.exe,,,,hku,empty,,0,empty
524,2024-01-24 19:31:10.229,13,{b8a4627a-4f97-65b1-dd0f-00000000b000},,,,,,,,,,,,,,,,,,,,,mbw11s80913,explorer.exe,,,,hku,empty,,0,empty
525,2024-01-24 19:31:10.229,13,{b8a4627a-4f97-65b1-dd0f-00000000b000},,,,,,,,,,,,,,,,,,,,,mbw11s80913,explorer.exe,,,,hku,empty,,0,empty
526,2024-01-25 08:28:27.542,1,{b8a4627a-1bab-65b2-cb00-00000000b100},,,,,,,,,10.0.22621.3007 (winbuild.160101.0800),windows explorer,microsoft® windows® operating system,microsoft corporation,explorer.exe,c:\windows\explorer.exe,SYSTEMDIRECTORY,medium,c:\windows\system32\userinit.exe,,,,mbw11s80913,explorer.exe,userinit.exe,,,,empty,,0,empty
527,2024-01-25 08:28:36.481,7,{b8a4627a-1bab-65b2-cb00-00000000b100},,,,,,,,,,,,,,,,,,True,microsoft corporation,valid,mbw11s80913,explorer.exe,,,,,empty,,1,c:\users
528,2024-01-25 08:28:43.870,13,{b8a4627a-1bab-65b2-cb00-00000000b100},,,,,,,,,,,,,,,,,,,,,mbw11s80913,explorer.exe,,,,hku,empty,,0,empty
529,2024-01-25 08:30:41.871,13,{b8a4627a-1bab-65b2-cb00-00000000b100},,,,,,,,,,,,,,,,,,,,,mbw11s80913,explorer.exe,,,,hku,empty,,0,empty
530,2024-01-25 08:30:50.708,13,{b8a4627a-1bab-65b2-cb00-00000000b100},,,,,,,,,,,,,,,,,,,,,mbw11s80913,explorer.exe,,,,hku,empty,,0,empty
531,2024-01-25 08:33:43.801,13,{b8a4627a-1bab-65b2-cb00-00000000b100},,,,,,,,,,,,,,,,,,,,,mbw11s80913,explorer.exe,,,,hku,empty,,0,empty
532,2024-01-25 15:16:09.773,13,{b8a4627a-1bab-65b2-cb00-00000000b100},,,,,,,,,,,,,,,,,,,,,mbw11s80913,explorer.exe,,,,hku,empty,,0,empty
533,2024-01-25 15:44:49.443,11,{b8a4627a-1bab-65b2-cb00-00000000b100},,,,,,,,,,,,,,,,,,,,,mbw11s80913,explorer.exe,,,,,lnk,c:\users,0,empty
534,2024-01-25 15:44:49.833,11,{b8a4627a-1bab-65b2-cb00-00000000b100},,,,,,,,,,,,,,,,,,,,,mbw11s80913,explorer.exe,,,,,lnk,c:\users,0,empty
535,2024-01-25 15:44:49.872,11,{b8a4627a-1bab-65b2-cb00-00000000b100},,,,,,,,,,,,,,,,,,,,,mbw11s80913,explorer.exe,,,,,lnk,c:\users,0,empty
536,2024-01-25 18:29:12.773,1,{b8a4627a-a878-65b2-c108-00000000b100},,,,,,,,,10.0.22621.3007 (winbuild.160101.0800),windows explorer,microsoft® windows® operating system,microsoft corporation,explorer.exe,c:\windows\explorer.exe,SYSTEMDIRECTORY,medium,c:\windows\system32\userinit.exe,,,,mbw11s80913,explorer.exe,userinit.exe,,,,empty,,0,empty
537,2024-01-25 18:29:15.335,7,{b8a4627a-a878-65b2-c108-00000000b100},,,,,,,,,,,,,,,,,,True,microsoft corporation,valid,mbw11s80913,explorer.exe,,,,,empty,,1,c:\users
538,2024-01-25 18:29:18.895,13,{b8a4627a-a878-65b2-c108-00000000b100},,,,,,,,,,,,,,,,,,,,,mbw11s80913,explorer.exe,,,,hku,empty,,0,empty
539,2024-01-25 18:30:04.421,13,{b8a4627a-a878-65b2-c108-00000000b100},,,,,,,,,,,,,,,,,,,,,mbw11s80913,explorer.exe,,,,hku,empty,,0,empty
540,2024-01-26 06:12:12.167,13,{b8a4627a-a878-65b2-c108-00000000b100},,,,,,,,,,,,,,,,,,,,,mbw11s80913,explorer.exe,,,,hku,empty,,0,empty
541,2024-01-26 06:12:45.392,13,{b8a4627a-a878-65b2-c108-00000000b100},,,,,,,,,,,,,,,,,,,,,mbw11s80913,explorer.exe,,,,hku,empty,,0,empty
542,2024-01-26 11:51:58.761,1,{b8a4627a-9cde-65b3-de00-00000000b200},,,,,,,,,10.0.22621.3007 (winbuild.160101.0800),windows explorer,microsoft® windows® operating system,microsoft corporation,explorer.exe,c:\windows\explorer.exe,SYSTEMDIRECTORY,medium,c:\windows\system32\userinit.exe,,,,mbw11s80913,explorer.exe,userinit.exe,,,,empty,,0,empty
543,2024-01-26 11:51:58.761,1,{b8a4627a-9cde-65b3-de00-00000000b200},,,,,,,,,10.0.22621.3007 (winbuild.160101.0800),windows explorer,microsoft® windows® operating system,microsoft corporation,explorer.exe,c:\windows\explorer.exe,SYSTEMDIRECTORY,medium,c:\windows\system32\userinit.exe,,,,mbw11s80913,explorer.exe,userinit.exe,,,,empty,,0,empty
544,2024-01-26 11:52:02.873,7,{b8a4627a-9cde-65b3-de00-00000000b200},,,,,,,,,,,,,,,,,,True,microsoft corporation,valid,mbw11s80913,explorer.exe,,,,,empty,,1,c:\users
545,2024-01-26 11:52:02.873,7,{b8a4627a-9cde-65b3-de00-00000000b200},,,,,,,,,,,,,,,,,,True,microsoft corporation,valid,mbw11s80913,explorer.exe,,,,,empty,,1,c:\users
546,2024-01-26 11:52:05.147,13,{b8a4627a-9cde-65b3-de00-00000000b200},,,,,,,,,,,,,,,,,,,,,mbw11s80913,explorer.exe,,,,hku,empty,,0,empty
547,2024-01-26 11:52:05.147,13,{b8a4627a-9cde-65b3-de00-00000000b200},,,,,,,,,,,,,,,,,,,,,mbw11s80913,explorer.exe,,,,hku,empty,,0,empty
548,2024-01-26 11:53:25.809,13,{b8a4627a-9cde-65b3-de00-00000000b200},,,,,,,,,,,,,,,,,,,,,mbw11s80913,explorer.exe,,,,hku,empty,,0,empty
549,2024-01-26 11:53:25.809,13,{b8a4627a-9cde-65b3-de00-00000000b200},,,,,,,,,,,,,,,,,,,,,mbw11s80913,explorer.exe,,,,hku,empty,,0,empty
550,2024-01-26 11:53:35.083,13,{b8a4627a-9cde-65b3-de00-00000000b200},,,,,,,,,,,,,,,,,,,,,mbw11s80913,explorer.exe,,,,hku,empty,,0,empty
551,2024-01-26 11:53:35.083,13,{b8a4627a-9cde-65b3-de00-00000000b200},,,,,,,,,,,,,,,,,,,,,mbw11s80913,explorer.exe,,,,hku,empty,,0,empty
552,2024-01-26 11:57:04.956,13,{b8a4627a-9cde-65b3-de00-00000000b200},,,,,,,,,,,,,,,,,,,,,mbw11s80913,explorer.exe,,,,hku,empty,,0,empty
553,2024-01-26 11:57:04.956,13,{b8a4627a-9cde-65b3-de00-00000000b200},,,,,,,,,,,,,,,,,,,,,mbw11s80913,explorer.exe,,,,hku,empty,,0,empty
554,2024-01-26 13:12:54.192,11,{b8a4627a-9cde-65b3-de00-00000000b200},,,,,,,,,,,,,,,,,,,,,mbw11s80913,explorer.exe,,,,,lnk,c:\users,0,empty
555,2024-01-26 13:12:54.192,11,{b8a4627a-9cde-65b3-de00-00000000b200},,,,,,,,,,,,,,,,,,,,,mbw11s80913,explorer.exe,,,,,lnk,c:\users,0,empty
556,2024-01-26 13:12:54.364,11,{b8a4627a-9cde-65b3-de00-00000000b200},,,,,,,,,,,,,,,,,,,,,mbw11s80913,explorer.exe,,,,,lnk,c:\users,0,empty
557,2024-01-26 13:12:54.364,11,{b8a4627a-9cde-65b3-de00-00000000b200},,,,,,,,,,,,,,,,,,,,,mbw11s80913,explorer.exe,,,,,lnk,c:\users,0,empty
558,2024-01-26 17:59:56.457,1,{b8a4627a-f31c-65b3-cf05-00000000b200},,,,,,,,,10.0.22621.3007 (winbuild.160101.0800),windows explorer,microsoft® windows® operating system,microsoft corporation,explorer.exe,c:\windows\explorer.exe,SYSTEMDIRECTORY,medium,c:\windows\system32\userinit.exe,,,,mbw11s80913,explorer.exe,userinit.exe,,,,empty,,0,empty
559,2024-01-26 17:59:56.457,1,{b8a4627a-f31c-65b3-cf05-00000000b200},,,,,,,,,10.0.22621.3007 (winbuild.160101.0800),windows explorer,microsoft® windows® operating system,microsoft corporation,explorer.exe,c:\windows\explorer.exe,SYSTEMDIRECTORY,medium,c:\windows\system32\userinit.exe,,,,mbw11s80913,explorer.exe,userinit.exe,,,,empty,,0,empty
560,2024-01-26 17:59:58.913,7,{b8a4627a-f31c-65b3-cf05-00000000b200},,,,,,,,,,,,,,,,,,True,microsoft corporation,valid,mbw11s80913,explorer.exe,,,,,empty,,1,c:\users
561,2024-01-26 17:59:58.913,7,{b8a4627a-f31c-65b3-cf05-00000000b200},,,,,,,,,,,,,,,,,,True,microsoft corporation,valid,mbw11s80913,explorer.exe,,,,,empty,,1,c:\users
562,2024-01-26 18:00:02.220,13,{b8a4627a-f31c-65b3-cf05-00000000b200},,,,,,,,,,,,,,,,,,,,,mbw11s80913,explorer.exe,,,,hku,empty,,0,empty
563,2024-01-26 18:00:02.220,13,{b8a4627a-f31c-65b3-cf05-00000000b200},,,,,,,,,,,,,,,,,,,,,mbw11s80913,explorer.exe,,,,hku,empty,,0,empty
564,2024-01-26 18:00:20.298,13,{b8a4627a-f31c-65b3-cf05-00000000b200},,,,,,,,,,,,,,,,,,,,,mbw11s80913,explorer.exe,,,,hku,empty,,0,empty
565,2024-01-26 18:00:20.298,13,{b8a4627a-f31c-65b3-cf05-00000000b200},,,,,,,,,,,,,,,,,,,,,mbw11s80913,explorer.exe,,,,hku,empty,,0,empty
566,2024-01-26 18:00:46.613,13,{b8a4627a-f31c-65b3-cf05-00000000b200},,,,,,,,,,,,,,,,,,,,,mbw11s80913,explorer.exe,,,,hku,empty,,0,empty
567,2024-01-26 18:00:46.613,13,{b8a4627a-f31c-65b3-cf05-00000000b200},,,,,,,,,,,,,,,,,,,,,mbw11s80913,explorer.exe,,,,hku,empty,,0,empty
568,2024-01-26 18:05:02.105,13,{b8a4627a-f31c-65b3-cf05-00000000b200},,,,,,,,,,,,,,,,,,,,,mbw11s80913,explorer.exe,,,,hku,empty,,0,empty
569,2024-01-26 18:05:02.105,13,{b8a4627a-f31c-65b3-cf05-00000000b200},,,,,,,,,,,,,,,,,,,,,mbw11s80913,explorer.exe,,,,hku,empty,,0,empty
570,2024-01-29 09:27:58.840,1,{b8a4627a-6f9e-65b7-2508-00000000b200},,,,,,,,,10.0.22621.3007 (winbuild.160101.0800),windows explorer,microsoft® windows® operating system,microsoft corporation,explorer.exe,c:\windows\explorer.exe,SYSTEMDIRECTORY,medium,c:\windows\system32\userinit.exe,,,,mbw11s80913,explorer.exe,userinit.exe,,,,empty,,0,empty
571,2024-01-29 09:27:58.840,1,{b8a4627a-6f9e-65b7-2508-00000000b200},,,,,,,,,10.0.22621.3007 (winbuild.160101.0800),windows explorer,microsoft® windows® operating system,microsoft corporation,explorer.exe,c:\windows\explorer.exe,SYSTEMDIRECTORY,medium,c:\windows\system32\userinit.exe,,,,mbw11s80913,explorer.exe,userinit.exe,,,,empty,,0,empty
572,2024-01-29 09:28:01.574,7,{b8a4627a-6f9e-65b7-2508-00000000b200},,,,,,,,,,,,,,,,,,True,microsoft corporation,valid,mbw11s80913,explorer.exe,,,,,empty,,1,c:\users
573,2024-01-29 09:28:01.574,7,{b8a4627a-6f9e-65b7-2508-00000000b200},,,,,,,,,,,,,,,,,,True,microsoft corporation,valid,mbw11s80913,explorer.exe,,,,,empty,,1,c:\users
574,2024-01-29 09:28:06.359,13,{b8a4627a-6f9e-65b7-2508-00000000b200},,,,,,,,,,,,,,,,,,,,,mbw11s80913,explorer.exe,,,,hku,empty,,0,empty
575,2024-01-29 09:28:06.359,13,{b8a4627a-6f9e-65b7-2508-00000000b200},,,,,,,,,,,,,,,,,,,,,mbw11s80913,explorer.exe,,,,hku,empty,,0,empty
576,2024-01-29 09:28:35.592,13,{b8a4627a-6f9e-65b7-2508-00000000b200},,,,,,,,,,,,,,,,,,,,,mbw11s80913,explorer.exe,,,,hku,empty,,0,empty
577,2024-01-29 09:28:35.592,13,{b8a4627a-6f9e-65b7-2508-00000000b200},,,,,,,,,,,,,,,,,,,,,mbw11s80913,explorer.exe,,,,hku,empty,,0,empty
578,2024-01-29 09:28:46.824,13,{b8a4627a-6f9e-65b7-2508-00000000b200},,,,,,,,,,,,,,,,,,,,,mbw11s80913,explorer.exe,,,,hku,empty,,0,empty
579,2024-01-29 09:28:46.824,13,{b8a4627a-6f9e-65b7-2508-00000000b200},,,,,,,,,,,,,,,,,,,,,mbw11s80913,explorer.exe,,,,hku,empty,,0,empty
580,2024-01-29 09:33:06.022,13,{b8a4627a-6f9e-65b7-2508-00000000b200},,,,,,,,,,,,,,,,,,,,,mbw11s80913,explorer.exe,,,,hku,empty,,0,empty
581,2024-01-29 09:33:06.022,13,{b8a4627a-6f9e-65b7-2508-00000000b200},,,,,,,,,,,,,,,,,,,,,mbw11s80913,explorer.exe,,,,hku,empty,,0,empty
582,2024-01-29 09:41:47.876,13,{b8a4627a-6f9e-65b7-2508-00000000b200},,,,,,,,,,,,,,,,,,,,,mbw11s80913,explorer.exe,,,,hku,empty,,0,empty
583,2024-01-29 09:41:47.876,13,{b8a4627a-6f9e-65b7-2508-00000000b200},,,,,,,,,,,,,,,,,,,,,mbw11s80913,explorer.exe,,,,hku,empty,,0,empty
584,2024-01-29 09:42:47.961,11,{b8a4627a-6f9e-65b7-2508-00000000b200},,,,,,,,,,,,,,,,,,,,,mbw11s80913,explorer.exe,,,,,lnk,c:\users,0,empty
585,2024-01-29 09:42:47.961,11,{b8a4627a-6f9e-65b7-2508-00000000b200},,,,,,,,,,,,,,,,,,,,,mbw11s80913,explorer.exe,,,,,lnk,c:\users,0,empty
586,2024-01-29 09:42:48.242,11,{b8a4627a-6f9e-65b7-2508-00000000b200},,,,,,,,,,,,,,,,,,,,,mbw11s80913,explorer.exe,,,,,lnk,c:\users,0,empty
587,2024-01-29 09:42:48.242,11,{b8a4627a-6f9e-65b7-2508-00000000b200},,,,,,,,,,,,,,,,,,,,,mbw11s80913,explorer.exe,,,,,lnk,c:\users,0,empty
588,2024-01-29 15:58:46.845,1,{b8a4627a-cb36-65b7-640f-00000000b200},,,,,,,,,10.0.22621.3007 (winbuild.160101.0800),windows explorer,microsoft® windows® operating system,microsoft corporation,explorer.exe,c:\windows\explorer.exe,SYSTEMDIRECTORY,medium,c:\windows\system32\userinit.exe,,,,mbw11s80913,explorer.exe,userinit.exe,,,,empty,,0,empty
589,2024-01-29 15:58:46.845,1,{b8a4627a-cb36-65b7-640f-00000000b200},,,,,,,,,10.0.22621.3007 (winbuild.160101.0800),windows explorer,microsoft® windows® operating system,microsoft corporation,explorer.exe,c:\windows\explorer.exe,SYSTEMDIRECTORY,medium,c:\windows\system32\userinit.exe,,,,mbw11s80913,explorer.exe,userinit.exe,,,,empty,,0,empty
590,2024-01-29 15:58:50.699,7,{b8a4627a-cb36-65b7-640f-00000000b200},,,,,,,,,,,,,,,,,,True,microsoft corporation,valid,mbw11s80913,explorer.exe,,,,,empty,,1,c:\users
591,2024-01-29 15:58:50.699,7,{b8a4627a-cb36-65b7-640f-00000000b200},,,,,,,,,,,,,,,,,,True,microsoft corporation,valid,mbw11s80913,explorer.exe,,,,,empty,,1,c:\users
592,2024-01-29 15:58:54.421,13,{b8a4627a-cb36-65b7-640f-00000000b200},,,,,,,,,,,,,,,,,,,,,mbw11s80913,explorer.exe,,,,hku,empty,,0,empty
593,2024-01-29 15:58:54.421,13,{b8a4627a-cb36-65b7-640f-00000000b200},,,,,,,,,,,,,,,,,,,,,mbw11s80913,explorer.exe,,,,hku,empty,,0,empty
594,2024-01-29 15:59:59.347,13,{b8a4627a-cb36-65b7-640f-00000000b200},,,,,,,,,,,,,,,,,,,,,mbw11s80913,explorer.exe,,,,hku,empty,,0,empty
595,2024-01-29 15:59:59.347,13,{b8a4627a-cb36-65b7-640f-00000000b200},,,,,,,,,,,,,,,,,,,,,mbw11s80913,explorer.exe,,,,hku,empty,,0,empty
596,2024-01-29 16:00:17.707,13,{b8a4627a-cb36-65b7-640f-00000000b200},,,,,,,,,,,,,,,,,,,,,mbw11s80913,explorer.exe,,,,hku,empty,,0,empty
597,2024-01-29 16:00:17.707,13,{b8a4627a-cb36-65b7-640f-00000000b200},,,,,,,,,,,,,,,,,,,,,mbw11s80913,explorer.exe,,,,hku,empty,,0,empty
598,2024-01-30 05:59:57.939,13,{b8a4627a-cb36-65b7-640f-00000000b200},,,,,,,,,,,,,,,,,,,,,mbw11s80913,explorer.exe,,,,hku,empty,,0,empty
599,2024-01-30 05:59:57.939,13,{b8a4627a-cb36-65b7-640f-00000000b200},,,,,,,,,,,,,,,,,,,,,mbw11s80913,explorer.exe,,,,hku,empty,,0,empty
600,2024-01-30 06:00:28.085,13,{b8a4627a-cb36-65b7-640f-00000000b200},,,,,,,,,,,,,,,,,,,,,mbw11s80913,explorer.exe,,,,hku,empty,,0,empty
601,2024-01-30 06:00:28.085,13,{b8a4627a-cb36-65b7-640f-00000000b200},,,,,,,,,,,,,,,,,,,,,mbw11s80913,explorer.exe,,,,hku,empty,,0,empty
602,2024-01-30 06:03:00.597,11,{b8a4627a-cb36-65b7-640f-00000000b200},,,,,,,,,,,,,,,,,,,,,mbw11s80913,explorer.exe,,,,,lnk,c:\users,0,empty
603,2024-01-30 06:03:00.597,11,{b8a4627a-cb36-65b7-640f-00000000b200},,,,,,,,,,,,,,,,,,,,,mbw11s80913,explorer.exe,,,,,lnk,c:\users,0,empty
604,2024-01-30 06:03:00.802,11,{b8a4627a-cb36-65b7-640f-00000000b200},,,,,,,,,,,,,,,,,,,,,mbw11s80913,explorer.exe,,,,,lnk,c:\users,0,empty
605,2024-01-30 06:03:00.802,11,{b8a4627a-cb36-65b7-640f-00000000b200},,,,,,,,,,,,,,,,,,,,,mbw11s80913,explorer.exe,,,,,lnk,c:\users,0,empty
606,2024-01-30 06:03:14.698,11,{b8a4627a-cb36-65b7-640f-00000000b200},,,,,,,,,,,,,,,,,,,,,mbw11s80913,explorer.exe,,,,,lnk,c:\users,0,empty
607,2024-01-30 06:03:14.698,11,{b8a4627a-cb36-65b7-640f-00000000b200},,,,,,,,,,,,,,,,,,,,,mbw11s80913,explorer.exe,,,,,lnk,c:\users,0,empty
608,2024-01-30 06:03:14.770,11,{b8a4627a-cb36-65b7-640f-00000000b200},,,,,,,,,,,,,,,,,,,,,mbw11s80913,explorer.exe,,,,,lnk,c:\users,0,empty
609,2024-01-30 06:03:14.770,11,{b8a4627a-cb36-65b7-640f-00000000b200},,,,,,,,,,,,,,,,,,,,,mbw11s80913,explorer.exe,,,,,lnk,c:\users,0,empty
610,2024-01-30 06:04:24.402,11,{b8a4627a-cb36-65b7-640f-00000000b200},,,,,,,,,,,,,,,,,,,,,mbw11s80913,explorer.exe,,,,,lnk,c:\users,0,empty
611,2024-01-30 06:04:24.402,11,{b8a4627a-cb36-65b7-640f-00000000b200},,,,,,,,,,,,,,,,,,,,,mbw11s80913,explorer.exe,,,,,lnk,c:\users,0,empty
612,2024-01-30 06:04:24.471,11,{b8a4627a-cb36-65b7-640f-00000000b200},,,,,,,,,,,,,,,,,,,,,mbw11s80913,explorer.exe,,,,,lnk,c:\users,0,empty
613,2024-01-30 06:04:24.471,11,{b8a4627a-cb36-65b7-640f-00000000b200},,,,,,,,,,,,,,,,,,,,,mbw11s80913,explorer.exe,,,,,lnk,c:\users,0,empty
614,2024-01-30 10:43:57.492,1,{b8a4627a-d2ed-65b8-a711-00000000b200},,,,,,,,,10.0.22621.3007 (winbuild.160101.0800),windows explorer,microsoft® windows® operating system,microsoft corporation,explorer.exe,c:\windows\explorer.exe,SYSTEMDIRECTORY,medium,c:\windows\system32\userinit.exe,,,,mbw11s80913,explorer.exe,userinit.exe,,,,empty,,0,empty
615,2024-01-30 10:43:57.492,1,{b8a4627a-d2ed-65b8-a711-00000000b200},,,,,,,,,10.0.22621.3007 (winbuild.160101.0800),windows explorer,microsoft® windows® operating system,microsoft corporation,explorer.exe,c:\windows\explorer.exe,SYSTEMDIRECTORY,medium,c:\windows\system32\userinit.exe,,,,mbw11s80913,explorer.exe,userinit.exe,,,,empty,,0,empty
616,2024-01-30 10:44:00.086,7,{b8a4627a-d2ed-65b8-a711-00000000b200},,,,,,,,,,,,,,,,,,True,microsoft corporation,valid,mbw11s80913,explorer.exe,,,,,empty,,1,c:\users
617,2024-01-30 10:44:00.086,7,{b8a4627a-d2ed-65b8-a711-00000000b200},,,,,,,,,,,,,,,,,,True,microsoft corporation,valid,mbw11s80913,explorer.exe,,,,,empty,,1,c:\users
618,2024-01-30 10:44:05.708,13,{b8a4627a-d2ed-65b8-a711-00000000b200},,,,,,,,,,,,,,,,,,,,,mbw11s80913,explorer.exe,,,,hku,empty,,0,empty
619,2024-01-30 10:44:05.708,13,{b8a4627a-d2ed-65b8-a711-00000000b200},,,,,,,,,,,,,,,,,,,,,mbw11s80913,explorer.exe,,,,hku,empty,,0,empty
620,2024-01-30 10:44:40.249,13,{b8a4627a-d2ed-65b8-a711-00000000b200},,,,,,,,,,,,,,,,,,,,,mbw11s80913,explorer.exe,,,,hku,empty,,0,empty
621,2024-01-30 10:44:40.249,13,{b8a4627a-d2ed-65b8-a711-00000000b200},,,,,,,,,,,,,,,,,,,,,mbw11s80913,explorer.exe,,,,hku,empty,,0,empty
622,2024-01-30 10:44:56.595,13,{b8a4627a-d2ed-65b8-a711-00000000b200},,,,,,,,,,,,,,,,,,,,,mbw11s80913,explorer.exe,,,,hku,empty,,0,empty
623,2024-01-30 10:44:56.595,13,{b8a4627a-d2ed-65b8-a711-00000000b200},,,,,,,,,,,,,,,,,,,,,mbw11s80913,explorer.exe,,,,hku,empty,,0,empty
624,2024-01-30 10:46:04.890,13,{b8a4627a-d2ed-65b8-a711-00000000b200},,,,,,,,,,,,,,,,,,,,,mbw11s80913,explorer.exe,,,,hku,empty,,0,empty
625,2024-01-30 10:46:04.890,13,{b8a4627a-d2ed-65b8-a711-00000000b200},,,,,,,,,,,,,,,,,,,,,mbw11s80913,explorer.exe,,,,hku,empty,,0,empty
626,2024-01-30 10:49:05.623,13,{b8a4627a-d2ed-65b8-a711-00000000b200},,,,,,,,,,,,,,,,,,,,,mbw11s80913,explorer.exe,,,,hku,empty,,0,empty
627,2024-01-30 10:49:05.623,13,{b8a4627a-d2ed-65b8-a711-00000000b200},,,,,,,,,,,,,,,,,,,,,mbw11s80913,explorer.exe,,,,hku,empty,,0,empty
628,2024-01-30 16:44:11.330,1,{b8a4627a-275b-65b9-f218-00000000b200},,,,,,,,,10.0.22621.3007 (winbuild.160101.0800),windows explorer,microsoft® windows® operating system,microsoft corporation,explorer.exe,c:\windows\explorer.exe,SYSTEMDIRECTORY,medium,c:\windows\system32\userinit.exe,,,,mbw11s80913,explorer.exe,userinit.exe,,,,empty,,0,empty
629,2024-01-30 16:44:11.330,1,{b8a4627a-275b-65b9-f218-00000000b200},,,,,,,,,10.0.22621.3007 (winbuild.160101.0800),windows explorer,microsoft® windows® operating system,microsoft corporation,explorer.exe,c:\windows\explorer.exe,SYSTEMDIRECTORY,medium,c:\windows\system32\userinit.exe,,,,mbw11s80913,explorer.exe,userinit.exe,,,,empty,,0,empty
630,2024-01-30 16:44:15.686,7,{b8a4627a-275b-65b9-f218-00000000b200},,,,,,,,,,,,,,,,,,True,microsoft corporation,valid,mbw11s80913,explorer.exe,,,,,empty,,1,c:\users
631,2024-01-30 16:44:15.686,7,{b8a4627a-275b-65b9-f218-00000000b200},,,,,,,,,,,,,,,,,,True,microsoft corporation,valid,mbw11s80913,explorer.exe,,,,,empty,,1,c:\users
632,2024-01-31 07:50:01.486,13,{b8a4627a-275b-65b9-f218-00000000b200},,,,,,,,,,,,,,,,,,,,,mbw11s80913,explorer.exe,,,,hku,empty,,0,empty
633,2024-01-31 07:50:01.486,13,{b8a4627a-275b-65b9-f218-00000000b200},,,,,,,,,,,,,,,,,,,,,mbw11s80913,explorer.exe,,,,hku,empty,,0,empty
634,2024-01-31 07:50:40.519,13,{b8a4627a-275b-65b9-f218-00000000b200},,,,,,,,,,,,,,,,,,,,,mbw11s80913,explorer.exe,,,,hku,empty,,0,empty
635,2024-01-31 07:50:40.519,13,{b8a4627a-275b-65b9-f218-00000000b200},,,,,,,,,,,,,,,,,,,,,mbw11s80913,explorer.exe,,,,hku,empty,,0,empty
636,2024-01-31 07:50:50.566,13,{b8a4627a-275b-65b9-f218-00000000b200},,,,,,,,,,,,,,,,,,,,,mbw11s80913,explorer.exe,,,,hku,empty,,0,empty
637,2024-01-31 07:50:50.566,13,{b8a4627a-275b-65b9-f218-00000000b200},,,,,,,,,,,,,,,,,,,,,mbw11s80913,explorer.exe,,,,hku,empty,,0,empty
638,2024-01-31 07:55:01.443,13,{b8a4627a-275b-65b9-f218-00000000b200},,,,,,,,,,,,,,,,,,,,,mbw11s80913,explorer.exe,,,,hku,empty,,0,empty
639,2024-01-31 07:55:01.443,13,{b8a4627a-275b-65b9-f218-00000000b200},,,,,,,,,,,,,,,,,,,,,mbw11s80913,explorer.exe,,,,hku,empty,,0,empty
640,2024-01-31 10:19:49.139,13,{b8a4627a-275b-65b9-f218-00000000b200},,,,,,,,,,,,,,,,,,,,,mbw11s80913,explorer.exe,,,,hku,empty,,0,empty
641,2024-01-31 10:19:49.139,13,{b8a4627a-275b-65b9-f218-00000000b200},,,,,,,,,,,,,,,,,,,,,mbw11s80913,explorer.exe,,,,hku,empty,,0,empty
642,2024-01-31 20:58:19.978,1,{b8a4627a-b46b-65ba-5421-00000000b200},,,,,,,,,10.0.22621.3007 (winbuild.160101.0800),windows explorer,microsoft® windows® operating system,microsoft corporation,explorer.exe,c:\windows\explorer.exe,SYSTEMDIRECTORY,medium,c:\windows\system32\userinit.exe,,,,mbw11s80913,explorer.exe,userinit.exe,,,,empty,,0,empty
643,2024-01-31 20:58:19.978,1,{b8a4627a-b46b-65ba-5421-00000000b200},,,,,,,,,10.0.22621.3007 (winbuild.160101.0800),windows explorer,microsoft® windows® operating system,microsoft corporation,explorer.exe,c:\windows\explorer.exe,SYSTEMDIRECTORY,medium,c:\windows\system32\userinit.exe,,,,mbw11s80913,explorer.exe,userinit.exe,,,,empty,,0,empty
644,2024-01-31 20:58:22.180,7,{b8a4627a-b46b-65ba-5421-00000000b200},,,,,,,,,,,,,,,,,,True,microsoft corporation,valid,mbw11s80913,explorer.exe,,,,,empty,,1,c:\users
645,2024-01-31 20:58:22.180,7,{b8a4627a-b46b-65ba-5421-00000000b200},,,,,,,,,,,,,,,,,,True,microsoft corporation,valid,mbw11s80913,explorer.exe,,,,,empty,,1,c:\users
646,2024-01-31 20:58:22.779,7,{b8a4627a-b46b-65ba-5421-00000000b200},,,,,,,,,,,,,,,,,,True,microsoft windows,valid,mbw11s80913,explorer.exe,,,,,empty,,1,c:\windows\system32
647,2024-01-31 20:58:22.779,7,{b8a4627a-b46b-65ba-5421-00000000b200},,,,,,,,,,,,,,,,,,True,microsoft windows,valid,mbw11s80913,explorer.exe,,,,,empty,,1,c:\windows\system32
648,2024-01-31 20:58:26.283,13,{b8a4627a-b46b-65ba-5421-00000000b200},,,,,,,,,,,,,,,,,,,,,mbw11s80913,explorer.exe,,,,hku,empty,,0,empty
649,2024-01-31 20:58:26.283,13,{b8a4627a-b46b-65ba-5421-00000000b200},,,,,,,,,,,,,,,,,,,,,mbw11s80913,explorer.exe,,,,hku,empty,,0,empty
650,2024-01-31 20:58:33.540,13,{b8a4627a-b46b-65ba-5421-00000000b200},,,,,,,,,,,,,,,,,,,,,mbw11s80913,explorer.exe,,,,hku,empty,,0,empty
651,2024-01-31 20:58:33.540,13,{b8a4627a-b46b-65ba-5421-00000000b200},,,,,,,,,,,,,,,,,,,,,mbw11s80913,explorer.exe,,,,hku,empty,,0,empty
652,2024-01-31 20:59:06.593,13,{b8a4627a-b46b-65ba-5421-00000000b200},,,,,,,,,,,,,,,,,,,,,mbw11s80913,explorer.exe,,,,hku,empty,,0,empty
653,2024-01-31 20:59:06.593,13,{b8a4627a-b46b-65ba-5421-00000000b200},,,,,,,,,,,,,,,,,,,,,mbw11s80913,explorer.exe,,,,hku,empty,,0,empty
654,2024-01-31 20:59:17.812,13,{b8a4627a-b46b-65ba-5421-00000000b200},,,,,,,,,,,,,,,,,,,,,mbw11s80913,explorer.exe,,,,hku,empty,,0,empty
655,2024-01-31 20:59:17.812,13,{b8a4627a-b46b-65ba-5421-00000000b200},,,,,,,,,,,,,,,,,,,,,mbw11s80913,explorer.exe,,,,hku,empty,,0,empty
656,2024-01-31 21:03:25.150,13,{b8a4627a-b46b-65ba-5421-00000000b200},,,,,,,,,,,,,,,,,,,,,mbw11s80913,explorer.exe,,,,hku,empty,,0,empty
657,2024-01-31 21:03:25.150,13,{b8a4627a-b46b-65ba-5421-00000000b200},,,,,,,,,,,,,,,,,,,,,mbw11s80913,explorer.exe,,,,hku,empty,,0,empty
658,2024-02-01 06:06:06.036,1,{b8a4627a-34ce-65bb-e222-00000000b200},,,,,,,,,10.0.22621.3007 (winbuild.160101.0800),windows explorer,microsoft® windows® operating system,microsoft corporation,explorer.exe,c:\windows\explorer.exe,SYSTEMDIRECTORY,medium,c:\windows\system32\userinit.exe,,,,mbw11s80913,explorer.exe,userinit.exe,,,,empty,,0,empty
659,2024-02-01 06:06:06.036,1,{b8a4627a-34ce-65bb-e222-00000000b200},,,,,,,,,10.0.22621.3007 (winbuild.160101.0800),windows explorer,microsoft® windows® operating system,microsoft corporation,explorer.exe,c:\windows\explorer.exe,SYSTEMDIRECTORY,medium,c:\windows\system32\userinit.exe,,,,mbw11s80913,explorer.exe,userinit.exe,,,,empty,,0,empty
660,2024-02-01 06:06:08.300,7,{b8a4627a-34ce-65bb-e222-00000000b200},,,,,,,,,,,,,,,,,,True,microsoft corporation,valid,mbw11s80913,explorer.exe,,,,,empty,,1,c:\users
661,2024-02-01 06:06:08.300,7,{b8a4627a-34ce-65bb-e222-00000000b200},,,,,,,,,,,,,,,,,,True,microsoft corporation,valid,mbw11s80913,explorer.exe,,,,,empty,,1,c:\users
662,2024-02-01 06:06:12.127,13,{b8a4627a-34ce-65bb-e222-00000000b200},,,,,,,,,,,,,,,,,,,,,mbw11s80913,explorer.exe,,,,hku,empty,,0,empty
663,2024-02-01 06:06:12.127,13,{b8a4627a-34ce-65bb-e222-00000000b200},,,,,,,,,,,,,,,,,,,,,mbw11s80913,explorer.exe,,,,hku,empty,,0,empty
664,2024-02-01 06:06:48.413,13,{b8a4627a-34ce-65bb-e222-00000000b200},,,,,,,,,,,,,,,,,,,,,mbw11s80913,explorer.exe,,,,hku,empty,,0,empty
665,2024-02-01 06:06:48.413,13,{b8a4627a-34ce-65bb-e222-00000000b200},,,,,,,,,,,,,,,,,,,,,mbw11s80913,explorer.exe,,,,hku,empty,,0,empty
666,2024-02-01 06:06:56.839,13,{b8a4627a-34ce-65bb-e222-00000000b200},,,,,,,,,,,,,,,,,,,,,mbw11s80913,explorer.exe,,,,hku,empty,,0,empty
667,2024-02-01 06:06:56.839,13,{b8a4627a-34ce-65bb-e222-00000000b200},,,,,,,,,,,,,,,,,,,,,mbw11s80913,explorer.exe,,,,hku,empty,,0,empty
668,2024-02-01 06:11:12.093,13,{b8a4627a-34ce-65bb-e222-00000000b200},,,,,,,,,,,,,,,,,,,,,mbw11s80913,explorer.exe,,,,hku,empty,,0,empty
669,2024-02-01 06:11:12.093,13,{b8a4627a-34ce-65bb-e222-00000000b200},,,,,,,,,,,,,,,,,,,,,mbw11s80913,explorer.exe,,,,hku,empty,,0,empty
670,2024-02-01 09:47:09.688,13,{b8a4627a-34ce-65bb-e222-00000000b200},,,,,,,,,,,,,,,,,,,,,mbw11s80913,explorer.exe,,,,hku,empty,,0,empty
671,2024-02-01 10:21:27.098,13,{b8a4627a-34ce-65bb-e222-00000000b200},,,,,,,,,,,,,,,,,,,,,mbw11s80913,explorer.exe,,,,hku,empty,,0,empty
672,2024-02-01 10:54:35.763,13,{b8a4627a-34ce-65bb-e222-00000000b200},,,,,,,,,,,,,,,,,,,,,mbw11s80913,explorer.exe,,,,hku,empty,,0,empty
673,2024-02-01 10:56:13.679,11,{b8a4627a-34ce-65bb-e222-00000000b200},,,,,,,,,,,,,,,,,,,,,mbw11s80913,explorer.exe,,,,,lnk,c:\users,0,empty
674,2024-02-01 10:56:13.861,11,{b8a4627a-34ce-65bb-e222-00000000b200},,,,,,,,,,,,,,,,,,,,,mbw11s80913,explorer.exe,,,,,lnk,c:\users,0,empty
675,2024-02-01 16:11:26.607,1,{b8a4627a-c2ae-65bb-d000-00000000b300},,,,,,,,,10.0.22621.3007 (winbuild.160101.0800),windows explorer,microsoft® windows® operating system,microsoft corporation,explorer.exe,c:\windows\explorer.exe,SYSTEMDIRECTORY,medium,c:\windows\system32\userinit.exe,,,,mbw11s80913,explorer.exe,userinit.exe,,,,empty,,0,empty
676,2024-02-01 16:11:34.518,7,{b8a4627a-c2ae-65bb-d000-00000000b300},,,,,,,,,,,,,,,,,,True,microsoft corporation,valid,mbw11s80913,explorer.exe,,,,,empty,,1,c:\users
677,2024-02-01 16:11:42.224,13,{b8a4627a-c2ae-65bb-d000-00000000b300},,,,,,,,,,,,,,,,,,,,,mbw11s80913,explorer.exe,,,,hku,empty,,0,empty
678,2024-02-01 16:13:31.516,13,{b8a4627a-c2ae-65bb-d000-00000000b300},,,,,,,,,,,,,,,,,,,,,mbw11s80913,explorer.exe,,,,hku,empty,,0,empty
679,2024-02-01 16:13:41.558,13,{b8a4627a-c2ae-65bb-d000-00000000b300},,,,,,,,,,,,,,,,,,,,,mbw11s80913,explorer.exe,,,,hku,empty,,0,empty
680,2024-02-01 16:16:40.593,13,{b8a4627a-c2ae-65bb-d000-00000000b300},,,,,,,,,,,,,,,,,,,,,mbw11s80913,explorer.exe,,,,hku,empty,,0,empty
681,2024-02-02 09:02:38.633,1,{b8a4627a-afae-65bc-8f05-00000000b300},,,,,,,,,10.0.22621.3007 (winbuild.160101.0800),windows explorer,microsoft® windows® operating system,microsoft corporation,explorer.exe,c:\windows\explorer.exe,SYSTEMDIRECTORY,medium,c:\windows\system32\userinit.exe,,,,mbw11s80913,explorer.exe,userinit.exe,,,,empty,,0,empty
682,2024-02-02 09:02:41.614,7,{b8a4627a-afae-65bc-8f05-00000000b300},,,,,,,,,,,,,,,,,,True,microsoft corporation,valid,mbw11s80913,explorer.exe,,,,,empty,,1,c:\users
683,2024-02-02 09:02:46.802,13,{b8a4627a-afae-65bc-8f05-00000000b300},,,,,,,,,,,,,,,,,,,,,mbw11s80913,explorer.exe,,,,hku,empty,,0,empty
684,2024-02-02 09:03:59.696,13,{b8a4627a-afae-65bc-8f05-00000000b300},,,,,,,,,,,,,,,,,,,,,mbw11s80913,explorer.exe,,,,hku,empty,,0,empty
685,2024-02-02 09:04:11.821,13,{b8a4627a-afae-65bc-8f05-00000000b300},,,,,,,,,,,,,,,,,,,,,mbw11s80913,explorer.exe,,,,hku,empty,,0,empty
686,2024-02-02 09:04:46.505,13,{b8a4627a-afae-65bc-8f05-00000000b300},,,,,,,,,,,,,,,,,,,,,mbw11s80913,explorer.exe,,,,hku,empty,,0,empty
687,2024-02-02 09:07:46.765,13,{b8a4627a-afae-65bc-8f05-00000000b300},,,,,,,,,,,,,,,,,,,,,mbw11s80913,explorer.exe,,,,hku,empty,,0,empty
688,2024-02-03 07:56:55.042,11,{b8a4627a-afae-65bc-8f05-00000000b300},,,,,,,,,,,,,,,,,,,,,mbw11s80913,explorer.exe,,,,,lnk,c:\users,0,empty
689,2024-02-03 07:56:55.042,11,{b8a4627a-afae-65bc-8f05-00000000b300},,,,,,,,,,,,,,,,,,,,,mbw11s80913,explorer.exe,,,,,lnk,c:\users,0,empty
690,2024-02-03 07:56:55.133,11,{b8a4627a-afae-65bc-8f05-00000000b300},,,,,,,,,,,,,,,,,,,,,mbw11s80913,explorer.exe,,,,,lnk,c:\users,0,empty
691,2024-02-03 07:56:55.133,11,{b8a4627a-afae-65bc-8f05-00000000b300},,,,,,,,,,,,,,,,,,,,,mbw11s80913,explorer.exe,,,,,lnk,c:\users,0,empty
692,2024-02-03 07:57:19.125,13,{b8a4627a-afae-65bc-8f05-00000000b300},,,,,,,,,,,,,,,,,,,,,mbw11s80913,explorer.exe,,,,hku,empty,,0,empty
693,2024-02-03 07:57:19.125,13,{b8a4627a-afae-65bc-8f05-00000000b300},,,,,,,,,,,,,,,,,,,,,mbw11s80913,explorer.exe,,,,hku,empty,,0,empty
694,2024-02-03 07:57:32.647,11,{b8a4627a-afae-65bc-8f05-00000000b300},,,,,,,,,,,,,,,,,,,,,mbw11s80913,explorer.exe,,,,,lnk,c:\users,0,empty
695,2024-02-03 07:57:32.647,11,{b8a4627a-afae-65bc-8f05-00000000b300},,,,,,,,,,,,,,,,,,,,,mbw11s80913,explorer.exe,,,,,lnk,c:\users,0,empty
696,2024-02-03 07:57:32.700,11,{b8a4627a-afae-65bc-8f05-00000000b300},,,,,,,,,,,,,,,,,,,,,mbw11s80913,explorer.exe,,,,,lnk,c:\users,0,empty
697,2024-02-03 07:57:32.700,11,{b8a4627a-afae-65bc-8f05-00000000b300},,,,,,,,,,,,,,,,,,,,,mbw11s80913,explorer.exe,,,,,lnk,c:\users,0,empty
698,2024-02-04 11:39:38.100,13,{b8a4627a-afae-65bc-8f05-00000000b300},,,,,,,,,,,,,,,,,,,,,mbw11s80913,explorer.exe,,,,hku,empty,,0,empty
699,2024-02-04 11:39:38.100,13,{b8a4627a-afae-65bc-8f05-00000000b300},,,,,,,,,,,,,,,,,,,,,mbw11s80913,explorer.exe,,,,hku,empty,,0,empty
700,2024-02-05 09:10:23.965,1,{b8a4627a-a5ff-65c0-7b15-00000000b300},,,,,,,,,10.0.22621.3007 (winbuild.160101.0800),windows explorer,microsoft® windows® operating system,microsoft corporation,explorer.exe,c:\windows\explorer.exe,SYSTEMDIRECTORY,medium,c:\windows\system32\userinit.exe,,,,mbw11s80913,explorer.exe,userinit.exe,,,,empty,,0,empty
701,2024-02-05 09:10:28.675,7,{b8a4627a-a5ff-65c0-7b15-00000000b300},,,,,,,,,,,,,,,,,,True,microsoft corporation,valid,mbw11s80913,explorer.exe,,,,,empty,,1,c:\users
702,2024-02-05 09:10:35.308,13,{b8a4627a-a5ff-65c0-7b15-00000000b300},,,,,,,,,,,,,,,,,,,,,mbw11s80913,explorer.exe,,,,hku,empty,,0,empty
703,2024-02-05 09:11:01.236,13,{b8a4627a-a5ff-65c0-7b15-00000000b300},,,,,,,,,,,,,,,,,,,,,mbw11s80913,explorer.exe,,,,hku,empty,,0,empty
704,2024-02-05 09:11:10.517,12,{b8a4627a-a5ff-65c0-7b15-00000000b300},,,,,,,,,,,,,,,,,,,,,mbw11s80913,explorer.exe,,,,hku,empty,,0,empty
705,2024-02-05 09:11:10.561,12,{b8a4627a-a5ff-65c0-7b15-00000000b300},,,,,,,,,,,,,,,,,,,,,mbw11s80913,explorer.exe,,,,hku,empty,,0,empty
706,2024-02-05 09:11:10.598,12,{b8a4627a-a5ff-65c0-7b15-00000000b300},,,,,,,,,,,,,,,,,,,,,mbw11s80913,explorer.exe,,,,hku,empty,,0,empty
707,2024-02-05 09:11:15.767,13,{b8a4627a-a5ff-65c0-7b15-00000000b300},,,,,,,,,,,,,,,,,,,,,mbw11s80913,explorer.exe,,,,hku,empty,,0,empty
708,2024-02-05 09:12:59.516,13,{b8a4627a-a5ff-65c0-7b15-00000000b300},,,,,,,,,,,,,,,,,,,,,mbw11s80913,explorer.exe,,,,hku,empty,,0,empty
709,2024-02-05 09:16:07.780,1,{b8a4627a-a757-65c0-dd00-00000000b400},,,,,,,,,10.0.22621.3007 (winbuild.160101.0800),windows explorer,microsoft® windows® operating system,microsoft corporation,explorer.exe,c:\windows\explorer.exe,SYSTEMDIRECTORY,medium,c:\windows\system32\userinit.exe,,,,mbw11s80913,explorer.exe,userinit.exe,,,,empty,,0,empty
710,2024-02-05 09:16:11.561,7,{b8a4627a-a757-65c0-dd00-00000000b400},,,,,,,,,,,,,,,,,,True,microsoft corporation,valid,mbw11s80913,explorer.exe,,,,,empty,,1,c:\users
711,2024-02-05 09:16:15.880,13,{b8a4627a-a757-65c0-dd00-00000000b400},,,,,,,,,,,,,,,,,,,,,mbw11s80913,explorer.exe,,,,hku,empty,,0,empty
712,2024-02-05 09:17:24.859,13,{b8a4627a-a757-65c0-dd00-00000000b400},,,,,,,,,,,,,,,,,,,,,mbw11s80913,explorer.exe,,,,hku,empty,,0,empty
713,2024-02-05 09:17:36.519,13,{b8a4627a-a757-65c0-dd00-00000000b400},,,,,,,,,,,,,,,,,,,,,mbw11s80913,explorer.exe,,,,hku,empty,,0,empty
714,2024-02-05 09:21:15.756,13,{b8a4627a-a757-65c0-dd00-00000000b400},,,,,,,,,,,,,,,,,,,,,mbw11s80913,explorer.exe,,,,hku,empty,,0,empty
715,2024-02-05 10:39:30.231,13,{b8a4627a-a757-65c0-dd00-00000000b400},,,,,,,,,,,,,,,,,,,,,mbw11s80913,explorer.exe,,,,hku,empty,,0,empty
716,2024-02-05 11:16:07.191,13,{b8a4627a-a757-65c0-dd00-00000000b400},,,,,,,,,,,,,,,,,,,,,mbw11s80913,explorer.exe,,,,hku,empty,,0,empty
717,2024-02-05 11:28:42.541,11,{b8a4627a-a757-65c0-dd00-00000000b400},,,,,,,,,,,,,,,,,,,,,mbw11s80913,explorer.exe,,,,,lnk,c:\users,0,empty
718,2024-02-05 11:28:42.854,11,{b8a4627a-a757-65c0-dd00-00000000b400},,,,,,,,,,,,,,,,,,,,,mbw11s80913,explorer.exe,,,,,lnk,c:\users,0,empty
719,2024-02-05 11:38:50.803,11,{b8a4627a-a757-65c0-dd00-00000000b400},,,,,,,,,,,,,,,,,,,,,mbw11s80913,explorer.exe,,,,,lnk,c:\users,0,empty
720,2024-02-05 11:38:50.878,11,{b8a4627a-a757-65c0-dd00-00000000b400},,,,,,,,,,,,,,,,,,,,,mbw11s80913,explorer.exe,,,,,lnk,c:\users,0,empty
721,2024-02-05 11:40:09.378,11,{b8a4627a-a757-65c0-dd00-00000000b400},,,,,,,,,,,,,,,,,,,,,mbw11s80913,explorer.exe,,,,,lnk,c:\users,0,empty
722,2024-02-05 11:40:09.457,11,{b8a4627a-a757-65c0-dd00-00000000b400},,,,,,,,,,,,,,,,,,,,,mbw11s80913,explorer.exe,,,,,lnk,c:\users,0,empty
723,2024-02-05 11:40:21.456,11,{b8a4627a-a757-65c0-dd00-00000000b400},,,,,,,,,,,,,,,,,,,,,mbw11s80913,explorer.exe,,,,,lnk,c:\users,0,empty
724,2024-02-05 11:40:21.584,11,{b8a4627a-a757-65c0-dd00-00000000b400},,,,,,,,,,,,,,,,,,,,,mbw11s80913,explorer.exe,,,,,lnk,c:\users,0,empty
725,2024-02-05 11:40:21.804,11,{b8a4627a-a757-65c0-dd00-00000000b400},,,,,,,,,,,,,,,,,,,,,mbw11s80913,explorer.exe,,,,,lnk,c:\users,0,empty
726,2024-02-05 11:40:21.883,11,{b8a4627a-a757-65c0-dd00-00000000b400},,,,,,,,,,,,,,,,,,,,,mbw11s80913,explorer.exe,,,,,lnk,c:\users,0,empty
727,2024-02-05 11:40:21.982,11,{b8a4627a-a757-65c0-dd00-00000000b400},,,,,,,,,,,,,,,,,,,,,mbw11s80913,explorer.exe,,,,,lnk,c:\users,0,empty
728,2024-02-05 11:40:22.072,11,{b8a4627a-a757-65c0-dd00-00000000b400},,,,,,,,,,,,,,,,,,,,,mbw11s80913,explorer.exe,,,,,lnk,c:\users,0,empty
729,2024-02-05 11:44:46.516,11,{b8a4627a-a757-65c0-dd00-00000000b400},,,,,,,,,,,,,,,,,,,,,mbw11s80913,explorer.exe,,,,,lnk,c:\users,0,empty
730,2024-02-05 11:44:46.574,11,{b8a4627a-a757-65c0-dd00-00000000b400},,,,,,,,,,,,,,,,,,,,,mbw11s80913,explorer.exe,,,,,lnk,c:\users,0,empty
731,2024-02-05 11:44:54.971,11,{b8a4627a-a757-65c0-dd00-00000000b400},,,,,,,,,,,,,,,,,,,,,mbw11s80913,explorer.exe,,,,,lnk,c:\users,0,empty
732,2024-02-05 11:44:55.037,11,{b8a4627a-a757-65c0-dd00-00000000b400},,,,,,,,,,,,,,,,,,,,,mbw11s80913,explorer.exe,,,,,lnk,c:\users,0,empty
733,2024-02-05 11:45:04.616,11,{b8a4627a-a757-65c0-dd00-00000000b400},,,,,,,,,,,,,,,,,,,,,mbw11s80913,explorer.exe,,,,,lnk,c:\users,0,empty
734,2024-02-05 11:45:04.659,11,{b8a4627a-a757-65c0-dd00-00000000b400},,,,,,,,,,,,,,,,,,,,,mbw11s80913,explorer.exe,,,,,lnk,c:\users,0,empty
735,2024-02-05 11:47:35.667,13,{b8a4627a-a757-65c0-dd00-00000000b400},,,,,,,,,,,,,,,,,,,,,mbw11s80913,explorer.exe,,,,hku,empty,,0,empty
736,2024-02-05 12:01:09.220,11,{b8a4627a-a757-65c0-dd00-00000000b400},,,,,,,,,,,,,,,,,,,,,mbw11s80913,explorer.exe,,,,,lnk,c:\users,0,empty
737,2024-02-05 12:01:09.267,11,{b8a4627a-a757-65c0-dd00-00000000b400},,,,,,,,,,,,,,,,,,,,,mbw11s80913,explorer.exe,,,,,lnk,c:\users,0,empty
738,2024-02-05 12:03:05.877,11,{b8a4627a-a757-65c0-dd00-00000000b400},,,,,,,,,,,,,,,,,,,,,mbw11s80913,explorer.exe,,,,,lnk,c:\users,0,empty
739,2024-02-05 12:03:05.924,11,{b8a4627a-a757-65c0-dd00-00000000b400},,,,,,,,,,,,,,,,,,,,,mbw11s80913,explorer.exe,,,,,lnk,c:\users,0,empty
740,2024-02-05 12:29:26.744,11,{b8a4627a-a757-65c0-dd00-00000000b400},,,,,,,,,,,,,,,,,,,,,mbw11s80913,explorer.exe,,,,,lnk,c:\users,0,empty
741,2024-02-05 12:29:26.974,11,{b8a4627a-a757-65c0-dd00-00000000b400},,,,,,,,,,,,,,,,,,,,,mbw11s80913,explorer.exe,,,,,lnk,c:\users,0,empty
742,2024-02-05 13:10:19.494,11,{b8a4627a-a757-65c0-dd00-00000000b400},,,,,,,,,,,,,,,,,,,,,mbw11s80913,explorer.exe,,,,,lnk,c:\users,0,empty
743,2024-02-05 13:10:19.635,11,{b8a4627a-a757-65c0-dd00-00000000b400},,,,,,,,,,,,,,,,,,,,,mbw11s80913,explorer.exe,,,,,lnk,c:\users,0,empty
744,2024-02-05 13:12:15.831,11,{b8a4627a-a757-65c0-dd00-00000000b400},,,,,,,,,,,,,,,,,,,,,mbw11s80913,explorer.exe,,,,,lnk,c:\users,0,empty
745,2024-02-05 13:12:15.894,11,{b8a4627a-a757-65c0-dd00-00000000b400},,,,,,,,,,,,,,,,,,,,,mbw11s80913,explorer.exe,,,,,lnk,c:\users,0,empty
746,2024-02-05 13:18:55.896,13,{b8a4627a-a757-65c0-dd00-00000000b400},,,,,,,,,,,,,,,,,,,,,mbw11s80913,explorer.exe,,,,hku,empty,,0,empty
747,2024-02-05 13:26:01.264,13,{b8a4627a-a757-65c0-dd00-00000000b400},,,,,,,,,,,,,,,,,,,,,mbw11s80913,explorer.exe,,,,hku,empty,,0,empty
748,2024-02-05 14:30:02.824,13,{b8a4627a-a757-65c0-dd00-00000000b400},,,,,,,,,,,,,,,,,,,,,mbw11s80913,explorer.exe,,,,hku,empty,,0,empty
